HITTER_STATS_AVG,HITTER_STATS_ID,HITTER_STATS_YEAR,TEAM_ID,HITTER_STATS_G,HITTER_STATS_PA,HITTER_STATS_AB,HITTER_STATS_R,HITTER_STATS_H,HITTER_STATS_2B,HITTER_STATS_3B,HITTER_STATS_HR,HITTER_STATS_TB,HITTER_STATS_RBI,HITTER_STATS_SAC,HITTER_STATS_SF,PLAYER_NAME
0.273 ,327,2009,4,123,449,385,63,105,21,1,6,146,40,12,6,이종범
0.266 ,328,2009,2,130,539,467,72,124,29,1,29,242,84,0,5,가르시아
0.263 ,329,2009,4,128,457,384,58,101,12,0,23,182,73,3,4,나지완
0.261 ,330,2009,9,116,440,417,50,109,15,1,14,168,43,5,1,송광민
0.253 ,331,2009,4,120,428,363,35,92,15,0,2,113,33,15,6,이현곤
0.247 ,332,2009,5,128,431,381,45,94,15,3,7,136,34,13,2,권용관
0.245 ,333,2009,15,123,526,436,69,107,21,1,27,211,86,0,2,브룸바
0.235 ,334,2009,4,123,415,371,53,87,13,4,14,150,38,7,3,안치홍
0.230 ,335,2009,4,124,441,379,35,87,14,0,12,137,65,8,4,김상훈
0.364 ,336,2010,2,127,552,478,99,174,13,0,44,319,133,0,3,이대호
0.350 ,337,2010,2,111,498,431,88,151,28,1,26,259,116,1,5,홍성흔
0.336 ,338,2010,2,111,458,414,83,139,31,0,8,194,52,2,3,조성환
0.331 ,339,2010,5,104,417,378,56,125,28,0,7,174,50,2,4,이진영
0.321 ,340,2010,6,127,482,424,63,136,26,1,22,230,82,1,2,최준석
0.317 ,341,2010,5,133,511,457,69,145,24,1,28,255,107,5,5,조인성
0.317 ,342,2010,6,132,565,473,88,150,29,0,24,251,89,0,8,김현수
0.317 ,343,2010,13,115,450,401,74,127,19,2,10,180,72,11,3,김강민
0.312 ,344,2010,6,114,471,413,66,129,16,2,5,164,45,6,3,이종욱
0.307 ,345,2010,4,129,555,472,74,145,19,1,3,175,51,7,3,이용규
0.306 ,346,2010,13,124,505,431,76,132,19,4,18,213,76,2,4,박정권
0.306 ,347,2010,2,121,487,422,85,129,23,0,11,185,47,9,5,손아섭
0.305 ,348,2010,13,128,563,485,75,148,25,2,2,183,48,22,1,정근우
0.305 ,349,2010,2,117,465,410,66,125,19,1,23,215,72,0,5,강민호
0.303 ,350,2010,3,112,457,356,58,108,18,0,15,171,64,5,5,박석민
0.301 ,351,2010,3,128,470,379,64,114,21,2,11,172,63,10,5,박한이
0.301 ,352,2010,14,133,522,449,60,135,30,2,12,205,58,3,2,강정호
0.300 ,353,2010,9,118,428,353,39,106,20,3,7,153,42,11,8,정원석
0.300 ,354,2010,13,123,493,400,84,120,31,1,20,213,80,16,8,최정
0.300 ,355,2010,5,107,420,370,62,111,21,0,9,159,45,6,1,박용택
0.295 ,356,2010,6,110,470,387,60,114,22,0,20,196,67,1,5,김동주
0.291 ,357,2010,14,131,543,481,52,140,27,0,9,194,79,8,4,유한준
0.291 ,358,2010,4,133,537,461,79,134,21,3,8,185,50,16,4,안치홍
0.291 ,359,2010,14,127,432,375,52,109,15,1,17,177,63,2,6,송지만
0.290 ,360,2010,5,117,451,404,49,117,14,1,9,160,64,4,6,이병규
0.286 ,361,2010,4,126,532,444,78,127,22,1,21,214,84,0,3,최희섭
0.283 ,362,2010,14,119,493,435,60,123,16,10,1,162,47,12,4,장민석
0.280 ,363,2010,3,125,476,397,56,111,22,1,9,162,57,13,6,신명철
0.279 ,364,2010,3,121,506,420,71,117,29,1,24,220,97,2,5,최형우
0.276 ,365,2010,2,118,535,485,89,134,18,4,9,187,40,11,3,김주찬
0.276 ,366,2010,6,123,421,384,59,106,17,3,0,129,37,2,2,오재원
0.273 ,367,2010,6,128,499,433,51,118,19,1,8,163,62,10,3,손시헌
0.272 ,368,2010,3,120,479,408,68,111,19,2,4,146,42,9,4,이영욱
0.267 ,369,2010,6,127,430,374,48,100,14,1,20,176,68,5,3,양의지
0.265 ,370,2010,9,116,473,370,62,98,13,0,15,156,62,0,2,김태완
0.263 ,371,2010,5,111,418,365,52,96,20,1,4,130,38,6,2,정성훈
0.263 ,372,2010,6,129,484,419,77,110,27,1,24,211,86,9,3,이성열
0.262 ,373,2010,13,129,472,381,51,100,20,0,14,162,67,15,3,박경완
0.261 ,374,2010,5,130,568,494,73,129,14,2,1,150,43,13,1,이대형
0.261 ,375,2010,9,129,524,464,66,121,22,0,32,239,92,2,2,최진행
0.257 ,376,2010,14,128,536,447,64,115,20,3,9,168,44,16,3,김민우
0.252 ,377,2010,2,118,485,429,73,108,16,1,26,204,83,0,5,가르시아
0.241 ,378,2010,5,125,417,352,59,85,13,6,13,149,61,7,7,오지환
0.238 ,379,2010,4,111,428,353,43,84,16,3,5,121,28,16,1,김원섭
0.232 ,380,2010,9,125,416,375,33,87,13,1,7,123,37,6,3,이대수
0.357 ,381,2011,2,133,570,493,76,176,26,1,27,285,113,0,6,이대호
0.340 ,382,2011,3,133,571,480,80,163,37,3,30,296,118,0,10,최형우
0.338 ,383,2011,5,127,519,485,64,164,24,0,16,236,75,2,2,이병규
0.333 ,384,2011,4,111,503,421,84,140,16,2,3,169,33,7,3,이용규
0.326 ,385,2011,2,116,492,442,79,144,25,5,15,224,83,1,4,손아섭
0.315 ,386,2011,4,115,433,378,54,119,21,4,5,163,46,17,2,안치홍
0.310 ,387,2011,13,113,488,403,64,125,25,1,20,212,75,13,6,최정
0.306 ,388,2011,2,132,535,474,70,145,24,2,6,191,67,0,5,홍성흔
0.303 ,389,2011,6,121,499,436,64,132,11,5,5,168,44,5,4,이종욱
0.302 ,390,2011,5,115,450,414,57,125,21,1,15,193,64,1,4,박용택
0.301 ,391,2011,6,130,561,475,71,143,25,2,13,211,91,0,9,김현수
0.301 ,392,2011,2,133,601,539,97,162,38,5,11,243,64,2,3,전준우
0.301 ,393,2011,9,122,420,366,46,110,16,3,8,156,50,14,4,이대수
0.301 ,394,2011,6,119,438,376,43,113,14,3,4,145,46,11,4,양의지
0.291 ,395,2011,5,127,494,422,61,123,18,1,10,173,57,11,7,정성훈
0.290 ,396,2011,4,98,412,335,58,97,12,2,4,125,47,20,5,김선빈
0.289 ,397,2011,2,117,458,398,62,115,18,4,12,177,68,3,8,황재균
0.289 ,398,2011,2,124,506,450,63,130,25,2,19,216,66,0,1,강민호
0.289 ,399,2011,14,121,511,447,64,129,23,2,3,165,54,4,4,유한준
0.288 ,400,2011,9,133,599,518,83,149,13,3,13,207,51,12,4,강동우
0.286 ,401,2011,6,120,483,406,57,116,24,1,17,193,75,0,3,김동주
0.285 ,402,2011,6,128,476,414,66,118,17,8,1,154,38,8,3,정수빈
0.282 ,403,2011,14,123,504,444,53,125,22,2,9,178,63,3,5,강정호
0.278 ,404,2011,3,128,476,406,53,113,16,4,2,143,47,15,1,김상수
0.278 ,405,2011,3,128,537,457,74,127,24,3,15,202,86,5,3,박석민
0.277 ,406,2011,6,129,529,466,73,129,18,4,6,173,46,12,3,오재원
0.276 ,407,2011,9,127,511,434,63,120,11,1,19,190,85,0,3,최진행
0.271 ,408,2011,6,124,485,421,49,114,26,0,15,185,75,2,5,최준석
0.269 ,409,2011,9,131,485,398,49,107,12,3,3,134,39,33,2,한상훈
0.267 ,410,2011,5,117,441,390,46,104,14,2,15,167,59,2,1,조인성
0.256 ,411,2011,3,121,506,429,77,110,19,2,4,145,30,10,2,박한이
0.253 ,412,2011,13,114,417,368,41,93,12,0,14,147,62,3,1,이호준
0.252 ,413,2011,13,122,507,453,54,114,21,2,13,178,53,6,3,박정권
0.247 ,414,2011,14,126,535,466,66,115,22,0,6,155,31,17,2,김민우
0.244 ,415,2011,9,116,478,390,53,95,13,0,8,132,37,3,0,장성호
0.243 ,416,2011,2,117,459,407,45,99,19,0,6,136,36,10,2,조성환
0.237 ,417,2011,14,117,480,414,55,98,20,1,20,180,73,0,5,알드리지
0.363 ,418,2012,9,126,513,416,61,151,24,0,16,223,80,0,5,김태균
0.314 ,419,2012,14,124,519,436,77,137,32,0,25,244,82,1,5,강정호
0.314 ,420,2012,2,132,556,503,61,158,26,0,5,199,58,2,4,손아섭
0.312 ,421,2012,3,127,549,443,79,138,19,3,23,232,91,2,5,박석민
0.310 ,422,2012,5,107,438,365,50,113,27,3,12,182,53,2,5,정성훈
0.307 ,423,2012,3,126,556,488,84,150,28,2,21,245,85,1,4,이승엽
0.307 ,424,2012,5,105,412,365,39,112,18,0,4,142,55,0,2,이진영
0.305 ,425,2012,5,127,556,499,82,152,34,3,11,225,76,1,7,박용택
0.304 ,426,2012,3,111,463,388,61,118,19,4,1,148,51,13,3,박한이
0.303 ,427,2012,4,120,472,386,60,117,21,4,3,155,61,12,3,김원섭
0.300 ,428,2012,13,127,504,426,55,128,26,0,18,208,78,0,1,이호준
0.300 ,429,2012,5,118,455,420,52,126,25,1,5,168,41,5,6,이병규
0.293 ,224,2007,2,105,395,341,45,100,25,1,4,139,36,9,2,정수근
0.290 ,225,2007,9,118,491,393,62,114,13,0,21,190,85,0,6,김태균
0.290 ,226,2007,12,122,503,445,59,129,29,1,16,208,76,7,3,정성훈
0.285 ,227,2007,5,121,459,389,46,111,13,2,4,140,53,19,4,이종열
0.283 ,228,2007,5,116,512,435,50,123,15,0,13,177,72,0,5,발데스
0.282 ,229,2007,2,119,436,394,40,111,24,3,2,147,45,5,3,정보명
0.282 ,230,2007,5,124,464,419,44,118,24,0,13,181,73,6,5,조인성
0.281 ,231,2007,4,116,464,395,55,111,22,0,11,166,62,0,3,장성호
0.281 ,232,2007,12,120,478,413,54,116,25,0,15,186,64,10,5,송지만
0.280 ,233,2007,4,118,491,439,61,123,17,8,0,156,27,5,3,이용규
0.280 ,234,2007,13,115,400,347,53,97,19,1,17,169,54,1,7,박재홍
0.278 ,235,2007,5,126,532,479,69,133,24,4,14,207,66,4,5,박용택
0.274 ,236,2007,6,109,400,351,26,96,17,4,2,127,49,4,6,안경현
0.273 ,237,2007,9,118,451,395,43,108,17,0,6,143,47,20,1,김민재
0.271 ,238,2007,2,125,474,413,48,112,20,0,14,174,68,17,3,강민호
0.268 ,239,2007,6,126,536,444,89,119,29,1,12,186,66,8,6,고영민
0.267 ,240,2007,3,123,559,479,68,128,12,1,2,148,27,4,5,박한이
0.267 ,241,2007,13,122,462,408,49,109,19,1,16,178,66,9,1,최정
0.262 ,242,2007,2,121,407,363,43,95,10,1,1,110,29,16,1,이원석
0.261 ,243,2007,2,113,416,387,49,101,17,1,5,135,30,7,1,김주찬
0.258 ,244,2007,3,124,515,427,64,110,17,0,31,220,101,0,2,심정수
0.252 ,245,2007,3,126,471,416,43,105,20,2,5,144,31,23,2,신명철
0.249 ,246,2007,9,124,473,394,68,98,8,5,1,119,37,11,2,고동진
0.247 ,247,2007,12,117,444,376,44,93,11,1,3,115,26,36,1,김일경
0.247 ,248,2007,13,119,437,352,60,87,21,1,15,155,60,11,9,박경완
0.246 ,249,2007,9,126,505,418,57,103,14,0,21,180,63,6,4,이범호
0.246 ,250,2007,3,122,427,362,28,89,12,0,5,116,39,5,4,진갑용
0.244 ,251,2007,6,121,451,386,48,94,20,2,16,166,75,5,7,최준석
0.241 ,252,2007,5,121,398,349,41,84,12,3,4,114,36,16,3,권용관
0.235 ,253,2007,5,121,434,378,44,89,27,0,7,137,41,10,3,김상현
0.357 ,254,2008,6,126,558,470,83,168,34,5,9,239,89,0,2,김현수
0.331 ,255,2008,6,114,460,423,45,140,19,2,8,187,63,3,5,홍성흔
0.328 ,256,2008,13,114,476,406,77,133,24,1,12,195,61,10,2,최정
0.327 ,257,2008,2,123,525,462,79,151,27,3,10,214,81,4,11,조성환
0.324 ,258,2008,9,115,484,410,81,133,27,1,31,255,92,0,5,김태균
0.318 ,259,2008,13,112,471,396,66,126,26,2,19,213,72,0,3,박재홍
0.317 ,260,2008,15,110,428,372,59,118,19,1,12,175,58,1,3,이택근
0.316 ,261,2008,3,104,442,370,57,117,17,2,4,150,41,5,3,박한이
0.314 ,262,2008,13,124,550,491,73,154,20,4,8,206,58,6,4,정근우
0.313 ,263,2008,2,104,458,412,75,129,16,7,1,162,42,9,5,김주찬
0.312 ,264,2008,4,106,473,417,62,130,24,6,0,166,38,6,0,이용규
0.310 ,265,2008,15,114,391,352,44,109,16,5,1,138,24,1,2,전준호
0.309 ,266,2008,6,109,451,363,55,112,12,2,18,182,104,0,13,김동주
0.305 ,267,2008,4,106,404,344,55,105,14,4,0,127,30,4,2,김원섭
0.301 ,268,2008,6,122,522,458,98,138,14,5,0,162,28,6,2,이종욱
0.301 ,269,2008,2,122,527,435,73,131,23,0,18,208,94,0,12,이대호
0.295 ,270,2008,5,101,421,370,46,109,27,3,7,163,52,3,9,안치용
0.293 ,271,2008,15,102,420,358,39,105,17,0,13,161,61,0,4,브룸바
0.292 ,272,2008,2,122,501,435,51,127,25,1,19,211,82,0,10,강민호
0.291 ,273,2008,2,113,404,351,47,102,13,1,1,120,36,8,3,박기혁
0.283 ,274,2008,2,125,513,460,68,130,25,2,30,249,111,0,2,가르시아
0.280 ,275,2008,15,118,451,414,48,116,18,0,13,173,62,0,4,송지만
0.279 ,276,2008,3,126,499,416,65,116,27,1,14,187,64,8,2,박석민
0.278 ,277,2008,3,114,443,385,49,107,16,2,8,151,49,2,2,양준혁
0.276 ,278,2008,9,125,508,434,80,120,21,3,19,204,77,0,4,이범호
0.276 ,279,2008,3,126,440,384,68,106,24,0,19,187,71,0,2,최형우
0.271 ,280,2008,15,116,408,362,36,98,18,1,8,142,47,7,3,강정호
0.270 ,281,2008,15,109,399,355,43,96,21,2,3,130,34,2,1,정성훈
0.267 ,282,2008,6,126,528,427,84,114,15,3,9,162,70,7,6,고영민
0.266 ,283,2008,9,124,450,383,44,102,16,0,23,187,73,0,6,김태완
0.265 ,284,2008,5,110,431,381,32,101,15,0,14,158,62,5,5,최동수
0.264 ,285,2008,5,126,574,523,71,138,5,2,0,147,33,9,1,이대형
0.259 ,286,2008,5,116,444,367,46,95,11,1,8,132,43,23,10,박경수
0.257 ,287,2008,4,112,435,393,33,101,19,2,2,130,40,4,4,이현곤
0.247 ,288,2008,13,118,413,361,43,89,16,3,3,120,46,13,7,나주환
0.246 ,289,2008,9,125,546,472,96,116,25,3,22,213,79,1,5,클락
0.245 ,290,2008,9,119,419,371,53,91,13,3,0,110,20,7,1,추승우
0.244 ,291,2008,3,104,391,332,28,81,12,3,5,114,38,9,3,박진만
0.241 ,292,2008,9,114,397,357,26,86,13,0,5,114,35,7,1,김민재
0.372 ,293,2009,5,111,506,452,91,168,31,5,18,263,74,3,9,박용택
0.371 ,294,2009,2,119,487,426,71,158,33,0,12,227,64,0,7,홍성흔
0.357 ,295,2009,6,133,572,482,97,172,31,6,23,284,104,0,6,김현수
0.353 ,296,2009,6,105,426,354,63,125,28,0,19,210,86,0,3,김동주
0.350 ,297,2009,13,127,565,480,98,168,29,4,9,232,59,2,5,정근우
0.332 ,298,2009,5,115,498,388,62,129,16,0,26,223,100,0,6,페타지니
0.315 ,299,2009,4,121,496,448,77,141,30,2,36,283,127,0,1,김상현
0.311 ,300,2009,15,123,538,456,84,142,26,0,15,213,66,1,4,이택근
0.310 ,301,2009,2,109,479,435,77,135,30,5,7,196,51,4,6,김주찬
0.310 ,302,2009,3,126,529,449,89,139,24,2,20,227,78,6,1,강봉규
0.308 ,303,2009,4,131,545,435,98,134,23,0,33,256,100,0,7,최희섭
0.302 ,304,2009,9,128,585,506,88,153,30,2,10,217,48,4,5,강동우
0.302 ,305,2009,6,116,417,361,49,109,11,0,17,171,94,0,4,최준석
0.301 ,306,2009,5,121,494,419,62,126,19,2,10,179,70,8,4,정성훈
0.301 ,307,2009,4,101,426,356,74,107,14,9,8,163,43,5,3,김원섭
0.300 ,308,2009,5,120,425,380,50,114,18,1,14,176,69,2,2,이진영
0.298 ,309,2009,6,125,414,376,49,112,20,4,9,167,53,0,5,이원석
0.296 ,310,2009,15,114,422,362,47,107,20,3,4,145,52,4,6,이숭용
0.295 ,311,2009,13,133,614,515,84,152,31,4,15,236,81,20,5,박재상
0.293 ,312,2009,3,118,425,368,58,108,26,2,17,189,72,1,2,채태인
0.293 ,313,2009,2,133,549,478,73,140,28,1,28,254,100,0,4,이대호
0.291 ,314,2009,3,124,485,423,71,123,17,2,20,204,61,10,3,신명철
0.290 ,315,2009,15,125,559,486,85,141,24,4,24,245,90,0,2,클락
0.289 ,316,2009,9,112,446,360,62,104,17,2,23,194,68,0,3,김태완
0.289 ,317,2009,6,121,476,412,56,119,22,3,11,180,59,7,3,손시헌
0.289 ,318,2009,15,115,439,374,69,108,15,3,22,195,67,1,4,송지만
0.288 ,319,2009,13,118,454,382,60,110,13,0,15,168,65,20,4,나주환
0.286 ,320,2009,15,133,538,476,73,136,33,2,23,242,81,8,5,강정호
0.284 ,321,2009,9,126,499,436,64,124,21,0,25,220,79,0,3,이범호
0.284 ,322,2009,3,113,481,415,70,118,24,0,23,211,83,1,3,최형우
0.284 ,323,2009,15,133,608,536,86,152,27,5,18,243,63,6,8,황재균
0.281 ,324,2009,6,121,426,359,61,101,13,1,6,134,50,2,1,임재철
0.280 ,325,2009,5,133,597,521,92,146,10,2,2,166,41,22,4,이대형
0.276 ,326,2009,13,131,511,446,70,123,27,0,25,225,76,8,2,박정권
0.343 ,1,2002,4,133,586,481,82,165,29,0,19,251,95,2,8,장성호
0.323 ,2,2002,3,133,596,532,92,172,40,2,33,315,116,0,6,마해영
0.323 ,3,2002,3,133,617,511,123,165,42,2,47,352,126,0,2,이승엽
0.321 ,4,2002,12,133,577,502,101,161,22,1,46,323,119,0,3,심정수
0.318 ,5,2002,6,120,487,415,63,132,21,0,26,231,79,0,7,김동주
0.315 ,6,2002,9,133,564,476,96,150,26,1,24,250,52,7,0,이영우
0.311 ,7,2002,3,127,541,486,69,151,23,1,17,227,76,2,4,김한수
0.308 ,8,2002,13,128,475,419,73,129,22,8,13,206,40,6,3,이진영
0.300 ,9,2002,12,126,501,420,83,126,15,8,3,166,28,14,1,전준호
0.293 ,10,2002,5,109,444,389,54,114,25,0,12,175,43,1,2,이병규
0.293 ,11,2002,4,123,546,485,93,142,25,2,18,225,59,4,1,이종범
0.291 ,12,2002,9,131,557,488,84,142,18,2,38,278,104,0,2,송지만
0.291 ,13,2002,13,127,557,478,79,139,19,2,17,213,68,11,3,채종범
0.289 ,14,2002,6,127,484,432,51,125,17,0,18,196,70,7,3,홍성흔
0.288 ,15,2002,13,129,499,444,76,128,24,2,23,225,64,4,2,이호준
0.288 ,16,2002,6,130,548,486,50,140,24,4,8,196,58,7,6,안경현
0.288 ,17,2002,5,112,424,375,68,108,28,6,9,175,55,1,4,박용택
0.288 ,18,2002,3,130,521,466,75,134,23,3,9,190,49,7,1,강동우
0.287 ,19,2002,9,115,456,404,56,116,23,1,21,204,72,0,2,데이비스
0.287 ,20,2002,4,133,595,527,95,151,26,3,8,207,53,3,1,김종국
0.285 ,21,2002,2,123,415,383,34,109,22,4,8,163,50,2,0,최기문
0.284 ,22,2002,12,125,480,422,63,120,18,2,19,199,76,4,2,이숭용
0.284 ,23,2002,2,116,412,373,35,106,15,3,3,136,49,2,1,김응국
0.283 ,24,2002,3,128,545,481,89,136,29,0,25,240,90,4,4,브리또
0.281 ,25,2002,3,133,517,462,58,130,29,1,18,215,86,1,5,진갑용
0.281 ,26,2002,13,132,556,499,81,140,24,0,45,299,107,0,1,페르난데스
0.280 ,27,2002,12,113,441,397,48,111,18,2,18,187,64,1,2,폴
0.279 ,28,2002,5,109,468,409,59,114,19,1,15,180,69,0,6,마르티네스
0.278 ,29,2002,12,112,481,432,57,120,24,0,15,189,67,0,4,박재홍
0.276 ,30,2002,3,132,437,391,60,108,23,2,14,177,50,0,1,양준혁
0.275 ,31,2002,6,130,488,444,55,122,12,3,1,143,30,7,3,장원진
0.272 ,32,2002,3,133,586,504,89,137,24,2,10,195,47,14,2,박한이
0.266 ,33,2002,12,108,468,402,58,107,15,2,7,147,53,29,1,박종호
0.258 ,34,2002,13,131,548,488,51,126,21,3,12,189,50,19,4,김민재
0.257 ,35,2002,4,111,449,401,43,103,21,0,12,160,69,8,4,홍세완
0.256 ,36,2002,6,119,469,407,53,104,18,3,25,203,82,0,7,우즈
0.245 ,37,2002,6,119,463,383,56,94,16,3,15,161,57,0,7,심재학
0.235 ,38,2002,6,122,482,426,58,100,9,2,3,122,22,8,1,정수근
0.227 ,39,2002,9,127,427,366,55,83,16,1,10,131,35,11,2,임수민
0.219 ,40,2002,12,126,466,401,47,88,24,0,12,148,57,9,4,박진만
0.342 ,41,2003,6,118,504,401,61,137,23,2,23,233,89,0,13,김동주
0.335 ,42,2003,12,133,601,460,110,154,16,1,53,331,142,0,8,심정수
0.333 ,43,2003,6,128,539,475,65,158,28,3,10,222,72,6,5,안경현
0.329 ,44,2003,3,133,551,490,90,161,37,2,33,301,92,4,2,양준혁
0.328 ,45,2003,13,128,562,481,81,158,29,6,17,250,70,13,2,이진영
0.322 ,46,2003,3,133,612,528,113,170,34,1,12,242,59,8,5,박한이
0.319 ,47,2003,9,133,573,479,67,153,24,2,31,274,95,4,2,김태균
0.315 ,48,2003,4,130,571,476,93,150,36,2,21,253,105,3,5,장성호
0.315 ,49,2003,4,132,595,524,110,165,43,1,20,270,61,1,4,이종범
0.308 ,50,2003,12,117,441,367,48,113,15,1,16,178,68,15,6,김동수
0.307 ,51,2003,2,129,543,486,73,149,25,2,6,196,38,7,1,조성환
0.301 ,52,2003,4,108,461,392,71,118,15,5,19,200,66,6,2,박재홍
0.301 ,53,2003,3,131,596,479,115,144,23,0,56,335,144,0,6,이승엽
0.297 ,54,2003,9,133,590,498,90,148,28,4,16,232,71,3,3,이영우
0.295 ,55,2003,3,131,532,478,67,141,23,1,17,217,70,4,4,김한수
0.294 ,56,2003,12,133,573,511,70,150,25,0,18,229,76,7,4,이숭용
0.293 ,57,2003,12,131,597,502,90,147,26,4,6,199,61,26,4,박종호
0.291 ,58,2003,3,132,573,502,90,146,25,0,38,285,123,1,4,마해영
0.290 ,59,2003,6,124,429,386,46,112,23,1,5,152,48,4,4,장원진
0.290 ,60,2003,3,126,485,435,64,126,20,2,21,213,53,2,2,진갑용
0.290 ,61,2003,13,133,554,473,86,137,20,1,36,267,102,2,1,이호준
0.290 ,62,2003,4,129,549,487,75,141,26,1,22,235,100,5,9,홍세완
0.285 ,63,2003,13,112,485,439,56,125,26,0,22,217,63,0,4,디아즈
0.285 ,64,2003,13,121,441,376,63,107,20,1,23,198,68,8,1,조경환
0.283 ,65,2003,12,129,515,421,68,119,26,0,16,193,48,22,4,박진만
0.281 ,66,2003,13,128,518,452,65,127,18,0,8,169,48,13,4,조원우
0.279 ,67,2003,4,125,467,423,43,118,23,1,7,164,46,10,1,김상훈
0.273 ,68,2003,6,124,453,384,43,105,13,1,8,144,42,9,3,홍원기
0.273 ,69,2003,5,131,552,483,70,132,29,2,17,216,70,1,7,마르티네스
0.272 ,70,2003,13,119,425,372,55,101,16,0,12,153,51,12,3,정경배
0.269 ,71,2003,12,129,533,442,79,119,16,6,3,156,38,20,2,전준호
0.266 ,72,2003,3,130,520,443,61,118,19,4,9,172,57,15,4,강동우
0.266 ,73,2003,9,125,420,365,40,97,19,0,16,164,58,10,4,이도형
0.262 ,74,2003,6,125,436,386,58,101,15,4,1,127,29,4,2,전상렬
0.257 ,75,2003,5,133,555,494,68,127,21,6,11,193,51,6,5,박용택
0.257 ,76,2003,5,132,456,428,43,110,20,2,19,191,58,1,4,조인성
0.255 ,77,2003,3,102,433,380,59,97,17,1,20,176,58,9,3,브리또
0.250 ,78,2003,4,125,539,464,67,116,23,1,6,159,46,14,3,김종국
0.250 ,79,2003,13,122,428,336,49,84,16,2,15,149,60,21,3,박경완
0.211 ,80,2003,13,129,452,369,43,78,16,1,4,108,36,30,5,김민재
0.343 ,81,2004,12,132,594,475,92,163,25,1,33,289,105,0,4,브룸바
0.342 ,82,2004,13,117,483,404,74,138,19,1,15,204,63,6,2,이진영
0.329 ,83,2004,6,133,552,501,62,165,27,2,14,238,86,3,2,홍성흔
0.323 ,84,2004,9,129,556,473,76,153,26,1,23,250,106,0,7,김태균
0.323 ,85,2004,5,129,562,496,95,160,26,2,14,232,64,3,1,이병규
0.320 ,86,2004,13,126,465,403,60,129,24,0,10,183,67,4,1,김기태
0.319 ,87,2004,9,131,572,483,94,154,31,3,13,230,60,6,2,이영우
0.315 ,88,2004,3,133,584,479,95,151,30,0,28,265,103,1,2,양준혁
0.314 ,89,2004,2,125,532,490,60,154,17,0,18,225,86,1,3,페레즈
0.310 ,90,2004,3,132,587,503,81,156,26,2,16,234,63,7,3,박한이
0.308 ,91,2004,9,133,541,481,80,148,35,3,23,258,74,5,4,이범호
0.300 ,92,2004,5,120,458,373,56,112,18,3,14,178,62,0,7,김재현
0.300 ,93,2004,5,109,435,393,51,118,15,2,16,185,58,6,1,박용택
0.300 ,94,2004,4,130,561,474,78,142,29,0,19,228,80,0,4,장성호
0.300 ,95,2004,2,102,438,404,52,121,28,0,12,185,55,1,3,라이온
0.296 ,96,2004,13,105,421,362,51,107,23,0,9,157,47,13,3,정경배
0.295 ,97,2004,13,132,526,410,94,121,19,1,34,244,79,6,2,박경완
0.295 ,98,2004,3,132,497,438,59,129,22,1,3,162,49,7,1,강동우
0.293 ,99,2004,12,133,549,468,60,137,29,0,9,193,85,4,6,이숭용
0.292 ,100,2004,12,132,581,487,88,142,10,7,4,178,48,24,2,전준호
0.291 ,101,2004,9,119,510,440,70,128,26,1,19,213,77,2,4,데이비스
0.291 ,102,2004,5,107,420,358,45,104,16,4,9,155,52,0,5,마틴
0.286 ,103,2004,6,124,517,430,72,123,19,1,19,201,76,0,2,김동주
0.286 ,104,2004,12,129,506,434,65,124,18,0,17,193,69,10,5,박진만
0.284 ,105,2004,6,130,486,429,51,122,15,4,5,160,49,5,3,장원진
0.284 ,106,2004,2,122,480,408,54,116,21,2,5,156,42,1,4,손인호
0.282 ,107,2004,4,128,469,372,64,105,23,2,22,198,81,3,9,심재학
0.282 ,108,2004,3,132,587,514,78,145,25,0,8,194,59,13,4,박종호
0.281 ,109,2004,4,124,519,437,54,123,16,0,11,172,71,1,11,마해영
0.280 ,110,2004,13,133,578,497,87,139,22,2,30,255,112,2,6,이호준
0.280 ,111,2004,6,125,525,447,57,125,20,1,10,177,51,9,2,안경현
0.278 ,112,2004,3,129,491,439,60,122,20,0,24,214,71,2,4,진갑용
0.278 ,113,2004,6,126,480,436,49,121,16,4,5,160,58,0,6,최경환
0.277 ,114,2004,13,119,463,386,59,107,17,2,3,137,35,20,4,조원우
0.274 ,115,2004,6,128,542,486,76,133,18,2,5,170,42,10,4,전상렬
0.271 ,116,2004,3,133,558,498,60,135,30,1,16,215,84,6,4,김한수
0.266 ,117,2004,12,118,540,470,66,125,23,0,8,172,59,8,1,정성훈
0.265 ,118,2004,12,132,567,486,80,129,21,0,22,216,74,9,0,송지만
0.265 ,119,2004,4,133,562,491,66,130,20,1,10,182,46,18,2,김종국
0.262 ,120,2004,4,128,439,389,39,102,21,0,8,147,45,13,3,김상훈
0.261 ,121,2004,13,102,421,368,41,96,18,0,13,153,50,1,3,브리또
0.260 ,122,2004,13,129,489,435,57,113,13,1,4,140,40,22,5,김민재
0.260 ,123,2004,4,133,577,493,100,128,29,0,17,208,52,12,2,이종범
0.257 ,124,2004,5,123,414,381,49,98,22,0,15,165,57,4,4,최동수
0.256 ,125,2004,12,102,455,367,64,94,14,1,22,176,78,0,7,심정수
0.254 ,126,2004,5,129,432,386,40,98,16,0,8,138,49,3,4,조인성
0.248 ,127,2004,2,132,514,444,52,110,26,0,20,196,68,6,6,이대호
0.242 ,128,2004,2,120,503,450,53,109,20,5,7,160,42,6,2,김주찬
0.337 ,129,2005,5,119,517,466,62,157,24,2,9,212,75,1,7,이병규
0.323 ,130,2005,9,118,507,431,90,139,24,0,24,235,86,0,6,데이비스
0.317 ,131,2005,9,124,529,461,73,146,33,2,23,252,100,0,2,김태균
0.315 ,132,2005,13,120,499,400,63,126,17,0,19,200,77,0,3,김재현
0.312 ,133,2005,4,118,495,430,69,134,25,2,6,181,36,7,0,이종범
0.310 ,134,2005,6,109,401,336,41,104,13,3,3,132,30,22,4,임재철
0.304 ,135,2005,13,109,495,421,76,128,21,1,18,205,63,2,3,박재홍
0.303 ,136,2005,5,110,453,402,64,122,23,4,15,198,61,0,5,클리어
0.302 ,137,2005,9,95,392,351,43,106,17,1,6,143,42,3,3,조원우
0.300 ,138,2005,4,123,533,464,70,139,23,1,16,212,74,1,4,장성호
0.295 ,139,2005,3,123,551,471,62,139,21,0,9,187,59,12,4,박한이
0.293 ,140,2005,3,114,465,406,55,119,18,0,15,182,73,3,3,김한수
0.293 ,141,2005,6,105,415,355,54,104,19,0,4,135,62,4,3,안경현
0.292 ,142,2005,12,119,521,424,76,124,18,2,35,251,102,0,7,서튼
0.291 ,143,2005,13,122,523,453,76,132,19,1,20,213,74,8,4,이진영
0.288 ,144,2005,3,110,406,347,34,100,17,0,6,135,41,11,4,진갑용
0.286 ,145,2005,2,109,431,370,63,106,21,2,0,131,29,6,2,정수근
0.286 ,146,2005,6,123,478,423,58,121,16,0,3,146,42,2,2,장원진
0.286 ,147,2005,13,126,502,427,49,122,16,1,11,173,63,14,7,정경배
0.284 ,148,2005,2,109,443,398,56,113,15,1,23,199,69,0,4,펠로우
0.280 ,149,2005,5,126,523,472,90,132,25,1,15,204,71,0,3,박용택
0.277 ,150,2005,13,125,508,440,58,122,19,0,2,147,37,16,4,김민재
0.276 ,151,2005,6,126,480,416,59,115,18,5,4,155,60,6,6,손시헌
0.275 ,152,2005,3,124,528,433,77,119,14,0,28,217,87,0,2,심정수
0.274 ,153,2005,3,122,447,387,55,106,16,0,16,170,63,3,3,조동찬
0.273 ,154,2005,12,118,429,366,53,100,14,5,0,124,19,19,3,정수성
0.273 ,155,2005,9,126,513,444,69,121,27,1,26,228,68,1,6,이범호
0.272 ,156,2005,6,115,433,394,41,107,17,0,11,157,74,4,3,홍성흔
0.271 ,157,2005,13,105,411,354,59,96,16,1,21,177,65,0,2,이호준
0.271 ,158,2005,12,123,510,436,70,118,22,0,24,212,74,4,3,송지만
0.268 ,159,2005,2,125,534,492,65,132,40,3,11,211,73,2,1,라이온
0.268 ,160,2005,3,119,484,392,63,105,21,0,4,138,36,25,3,박종호
0.266 ,161,2005,12,126,523,458,61,122,20,1,17,195,72,9,0,정성훈
0.266 ,162,2005,2,126,512,447,53,119,16,2,21,202,80,0,3,이대호
0.266 ,163,2005,4,124,479,414,57,110,17,2,5,146,37,14,3,이용규
0.261 ,164,2005,3,124,463,394,61,103,15,1,13,159,50,0,2,양준혁
0.258 ,165,2005,9,113,431,391,43,101,18,1,22,187,72,0,1,이도형
0.256 ,166,2005,2,116,398,344,47,88,16,3,5,125,33,25,1,신명철
0.252 ,167,2005,12,105,390,330,45,83,13,0,14,138,55,3,2,이숭용
0.245 ,168,2005,13,114,425,347,43,85,17,0,11,135,44,8,6,박경완
0.240 ,169,2005,3,125,429,367,61,88,15,3,6,127,38,13,3,강동우
0.237 ,170,2005,12,106,407,342,45,81,10,1,9,120,36,16,5,채종국
0.235 ,171,2005,4,117,429,374,39,88,15,3,4,121,40,10,5,김종국
0.336 ,172,2006,2,122,499,443,71,149,26,0,26,253,88,0,1,이대호
0.322 ,173,2006,12,118,486,419,58,135,21,2,9,187,66,9,4,이택근
0.318 ,174,2006,4,125,552,485,78,154,25,9,1,200,39,7,1,이용규
0.306 ,175,2006,4,126,540,445,62,136,24,2,13,203,79,3,6,장성호
0.303 ,176,2006,3,126,533,413,63,125,31,1,13,197,81,1,7,양준혁
0.297 ,177,2006,5,120,515,478,51,142,29,1,7,194,55,1,1,이병규
0.294 ,178,2006,5,126,534,476,69,140,26,3,16,220,64,1,4,박용택
0.291 ,179,2006,12,122,492,416,56,121,26,0,13,186,66,12,8,정성훈
0.291 ,180,2006,9,124,511,423,66,123,27,0,13,189,73,0,4,김태균
0.288 ,181,2006,3,110,408,358,28,103,22,0,6,143,47,9,7,진갑용
0.287 ,182,2006,6,119,424,390,36,112,16,0,10,158,56,2,2,홍성흔
0.287 ,183,2006,13,109,441,356,42,102,16,1,8,144,51,1,2,김재현
0.286 ,184,2006,12,119,449,370,44,106,12,0,7,139,43,12,3,이숭용
0.285 ,185,2006,3,126,567,471,89,134,21,2,6,177,43,7,3,박한이
0.284 ,186,2006,9,117,479,415,62,118,21,0,21,202,74,0,5,데이비스
0.284 ,187,2006,4,115,436,377,38,107,26,0,13,172,59,1,4,이재주
0.284 ,188,2006,13,120,487,430,69,122,19,4,8,173,42,13,4,정근우
0.284 ,189,2006,6,125,499,423,45,120,21,0,15,186,70,5,5,안경현
0.284 ,190,2006,6,120,448,388,76,110,14,6,1,139,32,11,1,이종욱
0.283 ,191,2006,3,115,452,382,54,108,22,1,11,165,65,2,5,박진만
0.279 ,192,2006,12,115,391,333,38,93,12,0,5,120,40,17,4,김동수
0.277 ,193,2006,2,122,504,415,59,115,21,0,22,202,78,0,3,호세
0.273 ,194,2006,13,118,473,428,54,117,13,0,11,163,41,2,0,이진영
0.270 ,195,2006,12,119,510,441,76,119,16,0,16,183,53,12,1,송지만
0.267 ,196,2006,6,126,462,404,29,108,16,4,2,138,34,11,2,손시헌
0.267 ,197,2006,9,106,391,341,48,91,10,0,1,104,25,11,4,조원우
0.266 ,198,2006,12,93,394,331,50,88,18,1,18,162,61,0,2,서튼
0.259 ,199,2006,3,107,421,370,51,96,13,0,10,139,46,15,1,조동찬
0.259 ,200,2006,13,124,529,452,61,117,22,1,18,195,73,2,6,박재홍
0.257 ,201,2006,9,126,497,421,53,108,25,1,20,195,73,1,3,이범호
0.256 ,202,2006,9,119,466,426,46,109,22,0,19,188,63,5,3,이도형
0.254 ,203,2006,3,103,396,343,41,87,15,0,7,123,54,2,4,김한수
0.253 ,204,2006,13,122,428,387,46,98,15,4,5,136,26,11,0,이대수
0.251 ,205,2006,2,126,460,410,40,103,20,0,9,150,53,14,2,강민호
0.249 ,206,2006,6,118,456,393,36,98,12,2,2,120,34,9,4,강동우
0.241 ,207,2006,9,120,414,370,40,89,14,2,4,119,29,6,5,고동진
0.234 ,208,2006,4,122,417,367,33,86,15,1,2,109,35,18,0,김상훈
0.211 ,209,2006,9,121,428,375,41,79,17,0,5,111,27,17,1,김민재
0.338 ,210,2007,4,126,521,453,63,153,31,0,2,190,48,13,8,이현곤
0.337 ,211,2007,3,123,544,442,78,149,34,0,22,249,72,1,2,양준혁
0.335 ,212,2007,2,121,514,415,79,139,21,1,29,249,87,0,5,이대호
0.323 ,213,2007,13,111,391,341,62,110,24,2,9,165,44,9,0,정근우
0.322 ,214,2007,6,119,481,382,68,123,24,0,19,204,78,0,2,김동주
0.321 ,215,2007,9,121,498,418,68,134,30,0,22,230,85,0,4,크루즈
0.316 ,216,2007,6,123,528,465,84,147,20,12,1,194,46,6,4,이종욱
0.313 ,217,2007,13,101,391,351,56,110,22,1,14,176,71,0,6,이호준
0.313 ,218,2007,12,116,495,438,74,137,15,1,11,187,56,5,2,이택근
0.312 ,219,2007,3,100,400,333,34,104,25,0,7,150,56,5,5,박진만
0.308 ,220,2007,12,126,547,438,75,135,13,0,29,235,87,0,5,브룸바
0.308 ,221,2007,5,125,509,451,68,139,13,1,1,157,31,13,2,이대형
0.306 ,222,2007,5,125,493,431,49,132,23,0,12,191,58,3,6,최동수
0.296 ,223,2007,12,121,430,371,52,110,8,1,1,123,13,8,2,전준호
0.300 ,430,2012,13,130,553,474,85,142,33,1,26,255,84,3,6,최정
0.294 ,431,2012,2,118,488,435,62,128,27,3,5,176,39,11,5,김주찬
0.292 ,432,2012,2,113,443,390,48,114,20,0,15,179,74,1,3,홍성흔
0.291 ,433,2012,6,122,491,437,47,127,17,1,7,167,65,0,5,김현수
0.290 ,434,2012,14,133,560,469,76,136,34,0,31,263,105,0,7,박병호
0.288 ,435,2012,4,132,558,489,60,141,31,2,3,185,64,14,7,안치홍
0.283 ,436,2012,4,125,580,491,86,139,14,2,2,163,37,10,3,이용규
0.281 ,437,2012,4,126,532,441,63,124,19,2,5,162,55,25,6,김선빈
0.279 ,438,2012,9,118,425,376,36,105,23,4,4,148,48,14,5,이대수
0.279 ,439,2012,6,122,416,359,39,100,22,1,5,139,27,9,1,양의지
0.274 ,440,2012,3,129,489,419,64,115,18,4,2,147,36,16,6,김상수
0.274 ,441,2012,4,124,480,398,40,109,17,1,11,161,56,8,5,나지완
0.273 ,442,2012,2,119,454,400,41,109,21,0,19,187,66,0,2,강민호
0.272 ,443,2012,2,133,504,448,42,122,19,1,4,155,51,11,2,황재균
0.272 ,444,2012,13,123,474,427,49,116,20,0,5,151,31,11,3,김강민
0.271 ,445,2012,3,125,531,461,51,125,27,1,14,196,77,0,10,최형우
0.266 ,446,2012,14,127,501,433,70,115,21,10,1,159,40,13,3,서건창
0.266 ,447,2012,13,127,534,467,53,124,13,4,8,169,46,12,2,정근우
0.263 ,448,2012,9,130,501,429,57,113,28,0,9,168,52,1,2,장성호
0.263 ,449,2012,9,110,446,399,33,105,18,3,3,138,41,13,2,오선진
0.257 ,450,2012,2,121,459,416,41,107,19,4,9,161,47,15,1,박종윤
0.255 ,451,2012,13,122,472,416,61,106,18,1,12,162,59,6,3,박정권
0.253 ,452,2012,2,122,520,459,63,116,22,4,7,167,38,6,3,전준우
0.249 ,453,2012,5,133,540,462,66,115,22,2,12,177,53,9,8,오지환
0.248 ,454,2012,9,120,471,395,59,98,26,0,17,175,55,0,4,최진행
0.246 ,455,2012,14,116,475,414,64,102,9,5,8,145,35,14,4,장민석
0.245 ,456,2012,3,122,479,412,64,101,15,2,2,126,34,7,3,배영섭
0.240 ,457,2012,6,121,497,437,57,105,17,1,0,124,39,9,5,이종욱
0.348 ,458,2013,5,98,401,374,39,130,19,3,5,170,74,0,3,이병규
0.345 ,459,2013,2,128,568,498,83,172,23,4,11,236,69,0,3,손아섭
0.329 ,460,2013,5,106,411,368,41,121,26,1,3,158,62,1,3,이진영
0.328 ,461,2013,5,125,539,476,79,156,22,4,7,207,67,0,7,박용택
0.319 ,462,2013,9,101,430,345,41,110,24,0,10,164,52,0,4,김태균
0.319 ,463,2013,6,119,449,383,71,122,21,7,9,184,65,12,7,민병헌
0.318 ,464,2013,3,117,474,396,61,126,24,0,18,204,76,0,2,박석민
0.318 ,465,2013,14,128,556,450,91,143,17,0,37,271,117,0,6,박병호
0.316 ,466,2013,13,120,525,434,75,137,18,0,28,239,83,1,2,최정
0.312 ,467,2013,5,121,477,407,64,127,22,1,9,178,62,0,4,정성훈
0.310 ,468,2013,4,104,427,377,55,117,22,5,4,161,50,11,4,신종길
0.307 ,469,2013,6,110,456,401,77,123,23,6,6,176,52,12,2,이종욱
0.305 ,470,2013,3,128,573,511,80,156,28,0,29,271,98,0,8,최형우
0.302 ,471,2013,6,122,510,434,63,131,23,1,16,204,90,0,12,김현수
0.301 ,472,2013,13,105,397,352,39,106,22,3,10,164,55,2,3,김강민
0.300 ,473,2013,9,106,422,367,39,110,27,0,8,161,53,1,1,최진행
0.299 ,474,2013,6,127,538,469,61,140,21,0,15,206,72,3,3,홍성흔
0.298 ,475,2013,3,115,422,372,57,111,17,3,7,155,44,9,6,김상수
0.295 ,476,2013,3,113,476,393,66,116,16,4,2,146,38,8,3,배영섭
0.295 ,477,2013,4,100,453,390,74,115,20,1,2,143,22,10,2,이용규
0.292 ,478,2013,13,110,434,363,56,106,20,1,18,182,70,0,6,박정권
0.291 ,479,2013,14,126,532,450,67,131,21,1,22,220,96,2,6,강정호
0.287 ,480,2013,4,125,522,435,57,125,18,0,21,206,96,1,5,나지완
0.287 ,481,2013,14,123,536,477,73,137,31,1,9,197,66,6,7,이택근
0.287 ,482,2013,9,121,403,356,47,102,15,1,4,131,27,3,0,정현석
0.284 ,483,2013,3,112,466,394,56,112,12,3,6,148,55,18,2,박한이
0.282 ,484,2013,14,128,523,458,60,129,24,2,15,202,72,3,4,김민성
0.282 ,485,2013,1,120,426,380,38,107,26,3,6,157,39,3,2,조영훈
0.280 ,486,2013,13,112,476,407,64,114,19,3,9,166,35,11,1,정근우
0.278 ,487,2013,1,126,508,442,46,123,25,1,20,210,87,0,5,이호준
0.277 ,488,2013,1,128,546,465,72,129,12,7,0,155,22,6,1,김종호
0.276 ,489,2013,1,108,436,395,57,109,24,3,12,175,51,2,1,모창민
0.275 ,490,2013,2,128,537,455,65,125,25,1,7,173,66,5,7,전준우
0.274 ,491,2013,2,128,559,489,70,134,29,3,7,190,56,7,4,황재균
0.272 ,492,2013,5,116,405,367,42,100,15,5,5,140,47,1,3,정의윤
0.265 ,493,2013,5,125,423,351,42,93,17,3,3,125,41,20,6,손주인
0.258 ,494,2013,2,113,398,341,50,88,15,3,5,124,37,14,5,정훈
0.256 ,495,2013,9,122,448,390,54,100,23,2,4,139,42,11,3,이대수
0.256 ,496,2013,5,124,514,441,81,113,20,8,9,176,47,7,3,오지환
0.256 ,497,2013,13,105,405,332,52,85,11,3,0,102,19,16,3,조동화
0.255 ,498,2013,2,115,416,381,37,97,24,2,7,146,58,3,6,박종윤
0.253 ,499,2013,3,111,483,443,62,112,24,0,13,175,69,0,8,이승엽
0.249 ,500,2013,4,118,484,414,56,103,15,0,3,127,39,7,5,안치홍
0.248 ,501,2013,4,122,516,436,56,108,17,0,24,197,73,4,5,이범호
0.243 ,502,2013,1,104,458,404,55,98,18,5,14,168,64,0,6,나성범
0.242 ,503,2013,14,115,407,360,54,87,16,2,2,113,30,9,3,장민석
0.235 ,504,2013,2,105,405,327,48,77,13,0,11,123,57,1,6,강민호
0.203 ,505,2013,1,121,397,349,42,71,19,1,15,137,54,7,3,권희동
0.370 ,506,2014,14,128,616,543,135,201,41,17,7,297,67,4,2,서건창
0.365 ,507,2014,9,118,508,422,66,154,30,0,18,238,84,0,5,김태균
0.362 ,508,2014,2,122,570,483,105,175,25,3,18,260,80,0,2,손아섭
0.356 ,509,2014,14,117,501,418,103,149,36,2,40,309,117,0,2,강정호
0.356 ,510,2014,3,113,493,430,92,153,33,0,31,279,100,0,6,최형우
0.346 ,511,2014,4,100,442,399,72,138,32,4,9,205,46,6,2,김주찬
0.345 ,512,2014,6,124,527,470,85,162,31,3,12,235,79,8,6,민병헌
0.343 ,513,2014,1,125,514,443,95,152,30,6,37,305,121,0,6,테임즈
0.343 ,514,2014,5,124,549,464,71,159,24,2,9,214,73,2,7,박용택
0.339 ,515,2014,4,126,479,434,65,147,31,2,18,236,88,2,4,안치홍
0.337 ,516,2014,13,120,484,412,48,139,30,2,12,209,83,0,11,이재원
0.331 ,517,2014,3,125,567,472,83,156,22,2,9,209,80,24,5,박한이
0.329 ,518,2014,1,123,536,477,88,157,28,5,30,285,101,1,1,나성범
0.329 ,519,2014,5,112,455,383,71,126,25,1,13,192,59,2,4,정성훈
0.326 ,520,2014,9,119,498,445,61,145,33,2,17,233,92,0,12,피에
0.325 ,521,2014,5,119,468,412,53,134,19,2,6,175,65,2,9,이진영
0.323 ,522,2014,4,126,505,461,75,149,15,9,1,185,40,5,2,이대형
0.322 ,523,2014,6,125,528,463,75,149,26,0,17,226,90,0,5,김현수
0.321 ,524,2014,2,128,550,486,66,156,33,3,12,231,76,4,4,황재균
0.318 ,525,2014,6,110,420,359,60,114,21,6,5,162,40,9,0,오재원
0.317 ,526,2014,3,124,541,492,69,156,38,1,14,238,99,0,6,채태인
0.316 ,527,2014,9,103,421,389,52,123,22,2,11,182,58,4,2,송광민
0.316 ,528,2014,14,122,469,405,71,128,31,0,20,219,91,8,7,유한준
0.315 ,529,2014,6,124,521,447,63,141,19,1,20,222,82,5,1,홍성흔
0.315 ,530,2014,3,110,425,356,77,112,21,0,27,214,72,0,3,박석민
0.312 ,531,2014,4,118,470,398,64,124,22,0,19,203,79,0,6,나지완
0.310 ,532,2014,13,120,499,452,81,140,33,2,27,258,109,0,4,박정권
0.309 ,533,2014,2,123,476,440,59,136,31,4,7,196,73,4,6,박종윤
0.309 ,534,2014,6,111,419,376,56,116,25,1,18,197,72,0,2,칸투
0.308 ,535,2014,3,127,548,506,83,156,30,0,32,282,101,0,2,이승엽
0.308 ,536,2014,3,125,602,500,118,154,27,1,31,276,98,0,5,나바로
0.306 ,537,2014,6,128,507,431,79,132,18,7,6,182,49,22,2,정수빈
0.306 ,538,2014,14,122,527,441,87,135,32,1,21,232,91,12,10,이택근
0.306 ,539,2014,5,116,450,360,66,110,28,3,16,192,87,3,8,이병규
0.303 ,540,2014,14,128,571,459,126,139,16,2,52,315,124,0,4,박병호
0.302 ,541,2014,13,113,483,430,86,130,29,3,16,213,82,2,4,김강민
0.298 ,542,2014,1,118,491,416,87,124,21,9,1,166,40,4,4,박민우
0.295 ,543,2014,9,125,549,464,91,137,28,5,6,193,44,7,3,정근우
0.294 ,544,2014,2,124,558,477,89,140,27,7,3,190,58,6,2,정훈
0.292 ,545,2014,14,116,486,438,60,128,29,2,12,197,77,5,3,김민성
0.292 ,546,2014,4,103,399,360,60,105,24,6,9,168,51,5,3,신종길
0.292 ,547,2014,2,113,470,415,69,121,23,2,14,190,66,9,3,전준우
0.290 ,548,2014,5,120,400,341,50,99,11,0,5,125,30,17,4,손주인
0.288 ,549,2014,3,128,493,427,74,123,20,8,5,174,63,10,8,김상수
0.288 ,550,2014,9,104,418,358,62,103,12,4,0,123,20,2,1,이용규
0.288 ,551,2014,1,124,495,438,73,126,28,4,6,180,78,1,13,이종욱
0.286 ,552,2014,2,121,460,371,54,106,13,0,23,188,90,0,6,최준석
0.284 ,553,2014,13,122,476,398,73,113,20,1,5,150,43,10,6,김성현
0.273 ,554,2014,13,127,478,422,64,115,25,0,7,161,51,14,3,나주환
0.271 ,555,2014,1,122,500,424,59,115,20,0,23,204,78,1,5,이호준
0.269 ,556,2014,4,105,406,350,47,94,23,0,19,174,82,0,4,이범호
0.263 ,557,2014,1,122,468,419,62,110,15,0,16,173,72,8,4,모창민
0.262 ,558,2014,5,113,464,397,72,104,20,8,8,164,56,6,3,오지환
0.262 ,559,2014,13,125,522,443,74,116,12,5,2,144,52,28,4,조동화
0.252 ,560,2014,6,122,421,341,50,86,14,1,3,111,54,13,11,김재호
0.381 ,561,2015,1,142,595,472,130,180,42,5,47,373,140,0,7,테임즈
0.362 ,562,2015,14,139,598,520,103,188,42,1,23,301,116,1,8,유한준
0.349 ,563,2015,3,116,465,410,97,143,33,5,11,219,57,0,4,구자욱
0.348 ,564,2015,7,115,487,425,85,148,32,1,20,242,89,0,8,마르테
0.343 ,565,2015,14,140,622,528,129,181,35,1,53,377,146,0,4,박병호
0.341 ,566,2015,9,124,585,493,94,168,15,7,4,209,42,11,4,이용규
0.332 ,567,2015,3,122,522,470,87,156,28,1,26,264,90,0,6,이승엽
0.326 ,568,2015,5,128,533,487,66,159,28,2,18,245,83,1,7,박용택
0.326 ,569,2015,1,144,622,564,112,184,34,5,28,312,135,3,8,나성범
0.326 ,570,2015,6,141,630,512,103,167,26,0,28,277,121,0,9,김현수
0.326 ,571,2015,6,132,513,442,70,144,27,0,20,231,93,2,6,양의지
0.325 ,572,2015,4,143,591,536,81,174,35,1,22,277,101,0,9,필
0.321 ,573,2015,3,135,559,448,90,144,25,0,26,247,116,1,8,박석민
0.318 ,574,2015,3,144,637,547,94,174,33,1,33,308,123,0,8,최형우
0.317 ,575,2015,2,116,517,445,86,141,28,1,13,210,54,0,3,손아섭
0.317 ,576,2015,6,117,453,404,64,128,20,2,1,155,41,8,3,허경민
0.316 ,577,2015,9,126,552,468,99,148,30,2,12,218,66,13,2,정근우
0.316 ,578,2015,9,133,524,408,61,129,28,0,21,220,104,1,5,김태균
0.315 ,579,2015,13,137,582,521,88,164,30,2,3,207,35,11,4,이명기
0.314 ,580,2015,2,132,594,526,105,165,34,5,28,293,106,1,4,아두치
0.311 ,581,2015,2,123,456,380,63,118,18,1,35,243,86,0,2,강민호
0.307 ,582,2015,6,133,488,410,63,126,24,3,3,165,50,14,7,김재호
0.306 ,583,2015,2,144,618,507,78,155,18,1,31,268,109,1,1,최준석
0.304 ,584,2015,1,141,617,520,111,158,31,6,3,210,47,3,7,박민우
0.303 ,585,2015,6,129,561,491,80,149,20,2,12,209,75,6,6,민병헌
0.303 ,586,2015,14,118,489,445,60,135,24,0,16,207,71,2,3,김민성
0.302 ,587,2015,7,140,616,546,86,165,23,3,0,194,37,10,1,이대형
0.300 ,588,2015,2,135,562,486,85,146,27,2,9,204,62,7,3,정훈
0.297 ,589,2015,13,129,449,397,49,118,20,0,8,162,48,12,2,김성현
0.295 ,590,2015,6,128,570,491,79,145,27,7,2,192,59,19,6,정수빈
0.295 ,591,2015,1,133,486,424,90,125,16,7,4,167,36,10,3,김종호
0.294 ,592,2015,1,131,518,449,48,132,25,0,24,229,110,3,2,이호준
0.293 ,593,2015,3,144,608,525,96,154,22,7,0,190,47,23,2,박해민
0.290 ,594,2015,2,144,596,534,95,155,41,2,26,278,97,4,6,황재균
0.290 ,595,2015,14,140,582,511,89,148,35,5,19,250,73,4,6,김하성
0.287 ,596,2015,3,140,643,534,126,153,19,1,48,318,137,1,9,나바로
0.284 ,597,2015,7,137,537,440,75,125,30,1,22,223,73,6,4,박경수
0.284 ,598,2015,7,133,491,433,55,123,20,1,13,184,77,3,9,장성우
0.282 ,599,2015,13,140,559,489,58,138,18,1,17,209,100,0,5,이재원
0.281 ,600,2015,13,124,494,438,66,123,23,0,21,209,70,4,2,박정권
0.281 ,601,2015,14,113,487,431,88,121,26,1,26,227,71,3,5,스나이더
0.280 ,602,2015,7,134,539,475,71,133,20,0,27,234,88,0,6,김상현
0.280 ,603,2015,6,120,474,411,60,115,20,2,11,172,59,7,4,오재원
0.278 ,604,2015,3,132,518,449,67,125,30,4,8,187,63,13,7,김상수
0.278 ,605,2015,5,138,566,497,76,138,41,4,11,220,56,3,3,오지환
0.270 ,606,2015,4,138,514,437,60,118,25,0,28,227,79,0,4,이범호
0.268 ,607,2015,1,125,504,440,63,118,25,2,5,162,52,4,3,이종욱
0.267 ,608,2015,1,137,466,415,53,111,15,0,11,159,46,9,3,지석훈
0.261 ,609,2015,13,137,539,464,82,121,21,2,28,230,76,0,2,브라운
0.254 ,610,2015,1,144,474,421,45,107,24,0,6,149,52,11,7,김태군
0.245 ,611,2015,1,140,508,440,56,108,24,2,13,175,58,13,5,손시헌
0.376 ,612,2016,3,138,618,519,99,195,46,2,31,338,144,0,7,최형우
0.365 ,613,2016,9,144,652,529,94,193,39,0,23,301,136,0,6,김태균
0.352 ,614,2016,9,113,530,452,98,159,20,4,3,196,41,7,1,이용규
0.346 ,615,2016,4,130,555,511,97,177,37,3,23,289,101,1,6,김주찬
0.346 ,616,2016,5,138,578,509,84,176,24,0,11,233,90,0,7,박용택
0.343 ,617,2016,3,108,495,428,105,147,19,13,14,234,77,2,5,구자욱
0.343 ,618,2016,1,121,515,435,84,149,16,6,3,186,55,10,7,박민우
0.336 ,619,2016,7,110,460,408,70,137,22,0,14,201,64,0,3,유한준
0.335 ,620,2016,2,127,559,498,97,167,26,5,27,284,113,0,8,황재균
0.335 ,621,2016,6,132,540,484,95,162,36,4,20,266,83,4,5,박건우
0.334 ,622,2016,14,133,566,527,92,176,22,9,8,240,72,1,5,고종욱
0.325 ,623,2016,6,134,568,492,107,160,32,3,37,309,124,0,5,김재환
0.325 ,624,2016,9,116,494,449,80,146,27,2,17,228,83,7,6,송광민
0.325 ,625,2016,2,140,599,526,77,171,28,3,7,226,70,3,2,김문호
0.325 ,626,2016,14,140,646,560,111,182,30,7,7,247,63,3,4,서건창
0.325 ,627,2016,6,134,579,511,98,166,31,4,16,253,87,1,4,민병헌
0.323 ,628,2016,2,144,672,575,118,186,33,1,16,269,81,0,2,손아섭
0.323 ,629,2016,2,116,460,381,65,123,26,0,20,209,72,0,3,강민호
0.321 ,630,2016,9,127,532,492,78,158,31,2,33,292,120,1,2,로사리오
0.321 ,631,2016,1,123,529,436,118,140,30,3,40,296,121,0,7,테임즈
0.320 ,632,2016,7,143,654,600,89,192,14,3,1,215,42,7,1,이대형
0.319 ,633,2016,13,138,530,479,66,153,28,0,8,205,65,5,7,김성현
0.316 ,634,2016,6,105,455,380,69,120,20,2,27,225,92,2,7,오재일
0.313 ,635,2016,7,121,476,402,64,126,22,1,20,210,80,0,4,박경수
0.313 ,636,2016,5,128,451,403,64,126,20,3,9,179,81,2,8,채은성
0.313 ,637,2016,4,132,544,499,71,156,37,1,20,255,86,0,7,필
0.311 ,638,2016,13,144,616,576,68,179,32,1,27,294,100,0,5,정의윤
0.310 ,639,2016,6,137,496,416,69,129,27,3,7,183,78,5,13,김재호
0.310 ,640,2016,4,138,560,484,93,150,23,0,33,272,108,0,7,이범호
0.310 ,641,2016,9,138,650,575,121,178,31,2,18,267,88,1,5,정근우
0.309 ,642,2016,1,144,653,572,116,177,37,2,22,284,113,1,4,나성범
0.309 ,643,2016,14,127,460,398,64,123,19,1,8,168,65,0,6,이택근
0.308 ,644,2016,4,118,486,380,84,117,21,2,25,217,90,0,4,나지완
0.308 ,645,2016,5,135,579,523,101,161,36,0,26,275,102,1,6,히메네스
0.308 ,646,2016,6,118,481,400,69,123,31,0,24,226,81,0,7,에반스
0.307 ,647,2016,1,126,506,427,77,131,20,0,32,247,104,2,4,박석민
0.306 ,648,2016,14,141,579,510,76,156,39,5,17,256,90,1,12,김민성
0.305 ,649,2016,1,134,517,453,73,138,24,4,5,185,57,4,5,이종욱
0.303 ,650,2016,3,142,623,542,91,164,32,2,27,281,118,0,8,이승엽
0.300 ,651,2016,3,141,641,564,109,169,26,12,4,231,61,22,3,박해민
0.298 ,652,2016,1,119,472,399,46,119,20,0,21,202,87,2,4,이호준
0.295 ,653,2016,14,129,497,417,65,123,33,1,16,206,70,1,4,대니돈
0.292 ,654,2016,4,124,485,411,73,120,30,3,16,204,67,6,3,서동욱
0.290 ,655,2016,13,130,472,411,49,119,15,0,15,179,64,2,7,이재원
0.288 ,656,2016,13,141,606,500,106,144,24,1,40,290,106,0,6,최정
0.288 ,657,2016,3,132,517,445,60,128,19,3,3,162,49,10,7,백상원
0.286 ,658,2016,6,144,609,538,96,154,24,4,7,207,81,6,2,허경민
0.283 ,659,2016,13,117,492,456,74,129,31,0,21,223,62,2,4,고메즈
0.281 ,660,2016,14,144,599,526,92,148,29,7,20,251,84,2,5,김하성
0.280 ,661,2016,5,121,472,393,73,110,14,5,20,194,78,2,5,오지환
0.277 ,662,2016,13,125,468,422,59,117,17,3,18,194,59,2,4,박정권
0.272 ,663,2016,6,122,484,416,68,113,18,1,5,148,58,3,6,오재원
0.271 ,664,2016,9,108,446,384,52,104,12,4,4,136,53,8,6,양성우
0.267 ,665,2016,4,124,514,453,72,121,18,3,8,169,41,13,2,김호령
0.248 ,666,2016,14,127,454,411,44,102,25,1,14,171,70,6,3,박동원
0.370 ,667,2017,4,137,529,476,84,176,34,1,5,227,64,5,4,김선빈
0.366 ,668,2017,6,131,543,483,91,177,40,2,20,281,78,5,4,박건우
0.363 ,669,2017,1,106,452,388,84,141,25,4,3,183,47,3,4,박민우
0.347 ,670,2017,1,125,561,498,103,173,42,2,24,291,99,0,3,나성범
0.344 ,671,2017,5,138,596,509,83,175,23,2,14,244,90,0,9,박용택
0.342 ,672,2017,4,142,629,514,98,176,36,3,26,296,120,0,8,최형우
0.340 ,673,2017,6,144,636,544,110,185,34,2,35,328,115,0,4,김재환
0.339 ,674,2017,9,119,510,445,100,151,30,1,37,294,111,0,5,로사리오
0.335 ,675,2017,2,144,667,576,113,193,35,4,20,296,80,1,3,손아섭
0.332 ,676,2017,14,139,615,539,87,179,28,3,6,231,76,2,6,서건창
0.332 ,677,2017,4,115,512,464,79,154,24,4,9,213,63,14,3,이명기
0.327 ,678,2017,9,117,473,437,71,143,26,0,13,208,75,4,8,송광민
0.324 ,679,2017,14,144,622,552,111,179,29,8,2,230,47,2,2,이정후
0.321 ,680,2017,2,110,496,455,76,146,27,1,18,229,69,2,2,전준우
0.320 ,681,2017,2,142,608,540,73,173,13,0,34,288,111,0,3,이대호
0.320 ,682,2017,4,139,621,557,118,178,26,8,27,301,111,3,9,버나디나
0.316 ,683,2017,13,130,527,430,89,136,18,1,46,294,113,0,8,최정
0.316 ,684,2017,4,132,545,487,95,154,29,2,21,250,93,6,5,안치홍
0.315 ,685,2017,3,134,591,515,90,162,38,0,31,293,124,0,4,러프
0.312 ,686,2017,7,142,586,538,90,168,30,1,20,260,105,0,7,윤석민
0.312 ,687,2017,1,136,527,474,64,148,25,3,17,230,90,3,9,모창민
0.312 ,688,2017,14,123,453,426,70,133,24,8,8,197,54,0,2,고종욱
0.310 ,689,2017,3,144,647,564,108,175,39,10,21,297,107,0,10,구자욱
0.309 ,690,2017,4,122,478,440,78,136,39,2,12,215,70,2,1,김주찬
0.306 ,691,2017,6,128,466,412,62,126,27,0,26,231,89,1,3,오재일
0.306 ,692,2017,7,133,497,445,52,136,19,0,13,194,68,2,3,유한준
0.304 ,693,2017,6,123,520,447,73,136,21,0,14,199,71,1,6,민병헌
0.303 ,694,2017,3,135,448,412,58,125,9,3,0,140,24,9,1,강한울
0.303 ,695,2017,2,116,468,423,71,128,38,0,15,211,57,2,3,번즈
0.302 ,696,2017,14,141,601,526,90,159,36,3,23,270,114,2,7,김하성
0.301 ,697,2017,6,129,452,399,65,120,16,6,7,169,57,1,5,최주환
0.301 ,698,2017,4,137,551,459,85,138,20,3,27,245,94,0,7,나지완
0.300 ,699,2017,1,115,518,437,91,131,24,0,35,260,111,0,4,스크럭스
0.296 ,700,2017,6,138,581,514,82,152,19,0,27,252,90,0,3,에반스
0.292 ,701,2017,2,131,448,390,49,114,17,1,2,139,35,7,1,김문호
0.291 ,702,2017,13,122,452,419,69,122,24,1,19,205,65,8,1,나주환
0.291 ,703,2017,2,125,464,409,43,119,15,0,14,176,82,0,5,최준석
0.286 ,704,2017,1,141,554,472,72,135,20,2,19,216,86,7,7,권희동
0.285 ,705,2017,2,130,515,456,62,130,22,1,22,220,68,0,3,강민호
0.285 ,706,2017,9,111,470,432,69,123,18,8,11,190,52,9,1,하주석
0.284 ,707,2017,3,144,638,570,96,162,25,8,7,224,54,8,9,박해민
0.282 ,708,2017,14,133,530,472,59,133,26,1,15,206,78,0,8,김민성
0.280 ,709,2017,3,135,533,472,65,132,30,5,24,244,87,0,8,이승엽
0.272 ,710,2017,4,115,447,382,57,104,14,0,25,193,89,0,6,이범호
0.265 ,711,2017,3,121,459,411,55,109,20,1,18,185,62,4,6,이원석
0.263 ,712,2017,5,132,496,445,62,117,27,3,14,192,83,2,5,양석환
0.262 ,713,2017,7,131,511,442,62,116,27,1,15,190,66,3,3,박경수
0.362 ,714,2018,5,117,511,453,95,164,39,2,20,267,101,0,10,김현수
0.358 ,715,2018,6,133,503,439,84,157,29,1,23,257,77,0,6,양의지
0.355 ,716,2018,14,109,520,459,81,163,34,2,6,219,57,3,8,이정후
0.345 ,717,2018,14,113,488,400,88,138,20,0,43,287,112,0,3,박병호
0.342 ,718,2018,4,130,549,494,88,169,38,1,23,278,118,0,9,안치홍
0.342 ,719,2018,2,144,614,556,118,190,36,2,33,329,90,1,2,전준우
0.340 ,720,2018,4,121,471,429,71,146,23,0,18,223,93,2,10,김주찬
0.339 ,721,2018,4,143,609,528,92,179,34,1,25,290,103,0,8,최형우
0.339 ,722,2018,7,121,480,428,59,145,21,1,20,228,83,2,1,유한준
0.334 ,723,2018,6,139,602,527,104,176,36,1,44,346,133,0,7,김재환
0.333 ,724,2018,6,138,590,519,87,173,39,6,26,302,108,0,10,최주환
0.333 ,725,2018,2,144,604,543,81,181,30,0,37,322,125,0,4,이대호
0.333 ,726,2018,3,116,529,478,100,159,26,5,20,255,84,1,2,구자욱
0.331 ,727,2018,5,139,578,529,78,175,36,2,25,290,119,0,5,채은성
0.330 ,728,2018,3,137,597,506,97,167,32,4,33,306,125,0,8,러프
0.329 ,729,2018,13,130,471,407,63,134,24,0,17,209,57,4,5,이재원
0.329 ,730,2018,2,141,625,553,109,182,32,5,26,302,93,1,1,손아섭
0.326 ,731,2018,6,125,529,488,79,159,24,6,12,231,84,1,2,박건우
0.324 ,732,2018,6,133,577,516,85,167,30,5,10,237,79,5,8,허경민
0.324 ,733,2018,1,115,460,411,68,133,22,5,5,180,33,3,4,박민우
0.318 ,734,2018,1,144,620,556,110,177,36,3,23,288,91,0,5,나성범
0.318 ,735,2018,2,118,494,443,74,141,21,0,17,213,66,2,6,민병헌
0.316 ,736,2018,13,141,616,528,102,167,19,0,43,315,107,0,6,로맥
0.316 ,737,2018,5,118,485,437,83,138,27,0,13,204,42,5,0,이형종
0.313 ,738,2018,6,132,521,473,78,148,24,1,15,219,81,3,2,오재원
0.313 ,739,2018,13,135,588,515,93,161,21,8,8,222,53,9,3,노수광
0.311 ,740,2018,6,131,467,402,78,125,20,0,16,193,75,3,6,김재호
0.310 ,741,2018,4,131,590,513,106,159,25,3,20,250,70,3,1,버나디나
0.306 ,742,2018,9,142,590,529,85,162,47,2,30,303,110,0,5,호잉
0.305 ,743,2018,7,144,645,564,114,172,30,1,43,333,114,1,2,로하스
0.303 ,744,2018,5,134,583,524,89,159,38,1,15,244,76,0,7,박용택
0.302 ,745,2018,4,120,502,447,88,135,28,6,4,187,42,11,1,이명기
0.301 ,746,2018,3,128,543,479,74,144,30,1,20,236,93,0,5,이원석
0.300 ,747,2018,3,141,586,513,77,154,26,2,11,217,71,5,4,김헌곤
0.299 ,748,2018,3,144,649,576,114,172,30,10,9,249,68,8,6,박해민
0.297 ,749,2018,9,113,460,434,63,129,24,0,18,207,79,0,4,송광민
0.296 ,750,2018,5,132,465,425,53,126,33,0,19,216,66,2,1,유강남
0.296 ,751,2018,7,142,588,530,76,157,41,3,25,279,88,2,3,황재균
0.295 ,752,2018,9,131,528,485,76,143,21,1,34,268,102,1,2,이성열
0.295 ,753,2018,4,127,492,424,73,125,17,2,4,158,49,6,5,김선빈
0.294 ,754,2018,2,139,479,425,55,125,28,1,11,188,71,5,5,신본기
0.293 ,755,2018,9,134,575,491,82,144,14,1,1,163,36,8,5,이용규
0.293 ,756,2018,14,134,447,423,76,124,29,3,13,198,60,0,2,임병욱
0.290 ,757,2018,7,138,585,527,108,153,32,2,29,276,84,0,3,강백호
0.288 ,758,2018,14,129,576,511,95,147,27,4,20,242,84,1,5,김하성
0.284 ,759,2018,13,136,562,486,97,138,31,0,41,292,115,0,8,한유섬
0.283 ,760,2018,1,125,458,420,52,119,21,4,11,181,42,1,2,노진혁
0.283 ,761,2018,14,128,465,413,46,117,24,0,10,171,45,1,5,김민성
0.279 ,762,2018,6,123,477,401,69,112,19,2,27,216,80,0,10,오재일
0.278 ,763,2018,5,144,617,533,93,148,26,2,11,211,71,12,6,오지환
0.277 ,764,2018,13,135,462,415,51,115,19,1,4,148,55,6,3,김성현
0.276 ,765,2018,7,132,509,460,58,127,22,0,19,206,60,2,3,윤석민
0.270 ,766,2018,14,136,473,430,79,116,15,6,5,158,45,3,2,김혜성
0.269 ,767,2018,3,129,477,427,46,115,14,0,22,195,71,0,7,강민호
0.268 ,768,2018,2,133,505,462,80,124,34,5,23,237,64,1,0,번즈
0.263 ,769,2018,5,140,519,483,53,127,27,0,22,220,82,1,5,양석환
0.263 ,770,2018,3,122,499,453,63,119,13,1,10,164,50,8,3,김상수
0.262 ,771,2018,7,135,528,458,65,120,21,0,25,216,74,0,3,박경수
0.257 ,772,2018,1,142,571,501,75,129,35,0,26,242,97,0,3,스크럭스
0.254 ,773,2018,9,141,517,484,67,123,20,3,9,176,52,1,0,하주석
0.354 ,774,2019,1,118,459,390,61,138,26,0,20,224,68,0,6,양의지
0.344 ,775,2019,6,144,645,572,87,197,34,0,15,276,88,0,6,페르난데스
0.344 ,776,2019,1,125,526,468,89,161,23,8,1,203,45,2,6,박민우
0.336 ,777,2019,10,140,630,574,91,193,31,10,6,262,68,3,4,이정후
0.336 ,778,2019,7,116,505,438,72,147,29,1,13,217,65,0,4,강백호
0.323 ,779,2019,13,137,513,492,76,159,25,7,3,207,56,0,2,고종욱
0.322 ,780,2019,7,142,578,521,68,168,30,3,24,276,104,0,5,로하스
0.319 ,781,2019,6,127,537,458,83,146,27,5,10,213,64,1,11,박건우
0.317 ,782,2019,7,139,562,501,61,159,19,1,14,222,86,0,5,유한준
0.315 ,783,2019,5,128,514,470,59,148,18,1,12,204,72,0,8,채은성
0.308 ,784,2019,5,138,613,546,88,168,24,3,2,204,48,4,1,이천웅
0.307 ,785,2019,10,139,625,540,112,166,38,2,19,265,104,1,7,김하성
0.305 ,786,2019,9,127,500,433,47,132,21,0,6,171,62,0,8,김태균
0.305 ,787,2019,10,139,613,525,100,160,39,1,28,285,113,0,5,샌즈
0.304 ,788,2019,5,140,595,526,75,160,37,0,11,230,82,0,9,김현수
0.301 ,789,2019,2,141,606,545,85,164,30,1,22,262,83,1,7,전준우
0.300 ,790,2019,10,113,486,426,67,128,23,3,2,163,41,3,5,서건창
0.300 ,791,2019,4,136,555,456,65,137,31,1,17,221,86,0,7,최형우
0.297 ,792,2019,3,114,467,411,57,122,20,1,5,159,46,5,6,김헌곤
0.295 ,793,2019,2,134,568,512,78,151,22,1,10,205,63,1,2,손아섭
0.293 ,794,2019,1,139,547,484,62,142,17,3,2,171,36,7,4,이명기
0.293 ,795,2019,6,130,529,467,76,137,29,1,21,231,102,0,4,오재일
0.292 ,796,2019,3,133,568,472,80,138,35,2,22,243,101,0,9,러프
0.292 ,797,2019,13,141,606,503,86,147,27,0,29,261,99,0,8,최정
0.292 ,798,2019,4,121,447,394,55,115,22,0,3,146,40,5,4,김선빈
0.290 ,799,2019,9,135,451,373,47,108,18,0,3,135,31,4,4,최재훈
0.288 ,800,2019,6,133,540,475,71,137,25,1,4,176,60,3,11,허경민
0.286 ,801,2019,5,120,482,419,56,120,24,1,13,185,63,1,10,이형종
0.285 ,802,2019,2,135,549,485,48,138,23,1,16,211,88,0,7,이대호
0.284 ,803,2019,9,124,525,476,74,135,26,2,18,219,73,1,5,호잉
0.283 ,804,2019,7,124,507,448,78,127,16,3,20,209,67,0,5,황재균
0.283 ,805,2019,6,136,574,495,76,140,20,5,15,215,91,0,11,김재환
0.281 ,806,2019,7,127,521,466,68,131,10,1,0,143,32,5,5,김민혁
0.280 ,807,2019,10,122,532,432,92,121,22,0,33,242,98,0,9,박병호
0.279 ,808,2019,6,137,505,441,58,123,19,9,4,172,63,10,6,박세혁
0.276 ,809,2019,13,137,589,504,86,139,28,1,29,256,95,0,6,로맥
0.271 ,810,2019,3,129,543,468,76,127,20,2,5,166,38,6,4,김상수
0.270 ,811,2019,5,132,468,418,44,113,22,0,16,183,49,1,6,유강남
0.270 ,812,2019,13,127,460,422,54,114,14,2,8,156,50,0,3,김강민
0.270 ,813,2019,4,133,470,400,57,108,25,1,6,153,48,4,5,이창진
0.268 ,814,2019,13,139,502,451,33,121,19,0,12,176,75,1,7,이재원
0.268 ,815,2019,6,130,470,377,51,101,22,0,4,135,48,8,11,김재호
0.267 ,816,2019,3,122,526,475,66,127,27,6,15,211,71,0,6,구자욱
0.265 ,817,2019,6,123,513,441,75,117,19,5,0,146,41,4,5,정수빈
0.265 ,818,2019,13,125,502,427,52,113,20,0,12,169,52,0,0,한유섬
0.264 ,819,2019,9,122,486,454,50,120,21,0,7,162,51,3,5,송광민
0.262 ,820,2019,9,142,624,564,83,148,27,6,8,211,57,6,6,정은원
0.260 ,821,2019,4,133,541,504,60,131,15,4,2,160,49,5,2,박찬호
0.256 ,822,2019,9,129,476,414,60,106,21,1,21,192,85,1,4,이성열
0.252 ,823,2019,5,134,547,473,63,119,23,5,9,179,53,7,3,오지환
0.247 ,824,2019,7,137,490,421,43,104,24,0,10,158,65,4,6,박경수
0.246 ,825,2019,13,144,472,426,45,105,16,2,1,128,34,8,3,김성현
0.246 ,826,2019,3,111,455,395,44,97,20,0,19,174,76,2,7,이원석
0.239 ,827,2019,3,144,581,506,64,121,16,7,5,166,44,12,3,박해민
0.224 ,828,2019,9,122,453,392,37,88,16,0,3,113,36,10,3,오선진
0.354 ,829,2020,4,140,600,522,93,185,37,1,28,308,115,0,3,최형우
0.352 ,830,2020,2,141,611,540,98,190,43,0,11,266,85,1,7,손아섭
0.349 ,831,2020,7,142,628,550,116,192,39,1,47,374,135,0,8,로하스
0.345 ,832,2020,1,126,530,467,82,161,27,5,8,222,63,2,10,박민우
0.340 ,833,2020,6,144,668,586,104,199,29,0,21,291,105,0,11,페르난데스
0.333 ,834,2020,10,140,617,544,85,181,49,5,15,285,101,2,8,이정후
0.332 ,835,2020,6,117,487,437,70,145,25,1,7,193,58,3,7,허경민
0.331 ,836,2020,5,142,619,547,98,181,35,2,22,286,119,0,7,김현수
0.330 ,837,2020,7,129,574,500,95,165,36,1,23,272,89,0,3,강백호
0.328 ,838,2020,1,130,528,461,86,151,26,1,33,278,124,1,6,양의지
0.324 ,839,2020,1,130,584,525,115,170,37,2,34,313,112,0,1,나성범
0.312 ,840,2020,7,134,600,541,108,169,35,5,21,277,97,3,4,황재균
0.312 ,841,2020,3,115,451,413,60,129,21,0,20,210,74,1,4,김동엽
0.312 ,842,2020,6,127,534,471,62,147,32,0,16,227,89,0,2,오재일
0.307 ,843,2020,3,118,510,446,70,137,27,2,15,213,78,1,4,구자욱
0.306 ,844,2020,6,140,574,509,63,156,29,4,16,241,88,1,10,최주환
0.306 ,845,2020,4,142,631,542,100,166,40,0,32,302,113,0,4,터커
0.306 ,846,2020,1,123,448,356,58,109,15,0,14,166,63,2,4,박석민
0.306 ,847,2020,1,136,540,477,82,146,18,3,2,176,45,5,4,이명기
0.306 ,848,2020,10,138,622,533,111,163,24,1,30,279,109,3,3,김하성
0.304 ,849,2020,3,120,471,404,71,123,18,3,5,162,47,2,2,김상수
0.304 ,850,2020,6,129,551,487,103,148,40,0,14,230,70,3,7,박건우
0.300 ,851,2020,5,141,591,527,95,158,41,7,10,243,71,5,5,오지환
0.298 ,852,2020,6,141,559,490,84,146,17,8,5,194,59,7,5,정수빈
0.296 ,853,2020,7,132,482,409,73,121,15,0,0,136,32,5,2,조용호
0.295 ,854,2020,2,111,476,410,72,121,19,1,11,175,58,2,4,정훈
0.293 ,855,2020,5,109,464,416,59,122,17,2,15,188,88,0,7,채은성
0.292 ,856,2020,2,144,611,542,67,158,27,0,20,245,110,0,11,이대호
0.291 ,857,2020,4,137,556,468,73,136,19,1,17,208,92,0,6,나지완
0.290 ,858,2020,3,132,541,489,84,142,18,5,11,203,55,7,3,박해민
0.289 ,859,2020,7,144,615,533,88,154,25,3,13,224,65,5,4,배정대
0.289 ,860,2020,6,120,458,402,48,116,15,1,2,139,39,2,5,김재호
0.286 ,861,2020,2,124,460,412,49,118,28,0,8,170,54,4,2,안치홍
0.286 ,862,2020,9,120,487,419,60,120,14,2,1,141,32,2,1,이용규
0.285 ,863,2020,10,142,553,499,80,142,24,6,7,199,61,2,4,김혜성
0.282 ,864,2020,13,139,586,485,85,137,32,0,32,265,91,0,4,로맥
0.280 ,865,2020,2,144,560,486,79,136,31,1,12,205,67,4,8,마차도
0.279 ,866,2020,5,135,507,408,87,114,29,6,5,170,39,3,3,홍창기
0.279 ,867,2020,2,143,628,562,95,157,34,1,26,271,96,3,3,전준우
0.278 ,868,2020,5,117,494,431,74,120,17,2,38,255,86,0,4,라모스
0.278 ,869,2020,1,136,546,482,90,134,20,7,31,261,108,0,6,알테어
0.278 ,870,2020,2,135,531,461,62,128,22,0,17,201,67,5,3,한동희
0.278 ,871,2020,7,130,455,400,39,111,15,0,13,165,79,10,6,장성우
0.277 ,872,2020,10,135,595,484,79,134,28,5,5,187,52,5,10,서건창
0.274 ,873,2020,1,132,484,427,70,117,22,3,20,205,82,3,0,노진혁
0.270 ,874,2020,13,133,553,452,90,122,22,0,33,243,96,0,6,최정
0.268 ,875,2020,3,121,467,403,46,108,17,0,13,164,74,1,12,이원석
0.266 ,876,2020,6,140,614,516,82,137,26,1,30,255,113,0,6,김재환
0.261 ,877,2020,5,137,478,429,51,112,18,0,16,178,74,2,2,유강남
0.258 ,878,2020,13,127,520,466,66,120,19,5,1,152,27,8,3,최지훈
0.246 ,879,2020,4,126,456,391,38,96,23,0,8,143,65,2,4,유민상
0.235 ,880,2020,7,144,535,476,58,112,16,3,3,143,51,16,4,심우준
0.223 ,881,2020,4,141,531,480,63,107,16,0,3,132,36,12,3,박찬호
0.360 ,882,2021,10,123,544,464,78,167,42,6,7,242,84,0,9,이정후
0.348 ,883,2021,2,144,619,552,88,192,46,0,7,259,92,1,8,전준우
0.347 ,884,2021,7,142,627,516,76,179,40,1,16,269,102,0,8,강백호
0.328 ,885,2021,5,144,651,524,103,172,26,2,4,214,52,0,2,홍창기
0.325 ,886,2021,6,126,525,458,82,149,31,2,6,202,63,0,6,박건우
0.325 ,887,2021,1,141,570,480,81,156,29,2,30,279,111,0,10,양의지
0.319 ,888,2021,2,139,610,542,88,173,29,2,3,215,58,3,1,손아섭
0.315 ,889,2021,6,141,617,540,73,170,24,0,15,239,81,0,6,페르난데스
0.307 ,890,2021,4,130,564,501,55,154,32,0,5,201,67,1,5,김선빈
0.306 ,891,2021,2,119,490,421,58,129,30,2,10,193,82,5,9,안치홍
0.306 ,892,2021,3,139,610,543,107,166,30,10,22,282,88,1,12,구자욱
0.304 ,893,2021,10,144,635,559,99,170,20,3,3,205,66,0,10,김혜성
0.302 ,894,2021,8,135,471,407,53,123,21,1,4,158,44,12,2,박성한
0.296 ,895,2021,10,133,547,459,88,136,16,8,1,171,43,6,6,이용규
0.295 ,896,2021,4,143,668,589,82,174,21,6,4,219,44,4,3,최원준
0.292 ,897,2021,2,135,561,486,70,142,27,1,14,213,79,1,3,정훈
0.291 ,898,2021,7,117,507,453,74,132,16,2,10,182,56,1,4,황재균
0.291 ,899,2021,3,127,542,454,78,132,22,1,5,171,54,9,7,박해민
0.291 ,900,2021,3,123,462,406,55,118,22,0,18,194,67,0,7,강민호
0.286 ,901,2021,2,114,465,420,39,120,11,0,19,188,81,0,6,이대호
0.286 ,902,2021,3,140,621,553,102,158,25,2,29,274,97,0,3,피렐라
0.285 ,903,2021,3,120,484,418,64,119,20,0,25,214,97,0,8,오재일
0.285 ,904,2021,5,140,595,506,70,144,23,1,17,220,96,0,9,김현수
0.283 ,905,2021,9,139,608,495,85,140,22,5,6,190,39,4,3,정은원
0.281 ,906,2021,1,144,623,570,96,160,29,1,33,290,101,0,4,나성범
0.279 ,907,2021,2,134,539,466,83,130,21,1,5,168,58,4,7,마차도
0.278 ,908,2021,8,135,519,442,71,123,18,1,31,236,95,1,6,한유섬
0.278 ,909,2021,6,136,518,468,61,130,24,1,5,171,59,3,3,허경민
0.278 ,910,2021,8,134,555,436,92,121,17,1,35,245,100,1,12,최정
0.276 ,911,2021,5,110,448,387,59,107,20,0,16,175,82,0,7,채은성
0.275 ,912,2021,9,116,467,375,52,103,21,0,7,145,44,5,3,최재훈
0.274 ,913,2021,6,137,566,475,86,130,23,2,27,238,102,0,5,김재환
0.273 ,914,2021,6,133,546,488,66,133,22,0,28,239,96,0,7,양석환
0.272 ,915,2021,9,138,594,525,84,143,27,3,10,206,68,5,3,하주석
0.272 ,916,2021,1,143,565,492,83,134,19,2,32,253,84,0,5,알테어
0.271 ,917,2021,9,107,458,380,56,103,18,1,18,177,84,0,4,노시환
0.268 ,918,2021,7,139,460,407,61,109,20,2,6,151,48,10,6,심우준
0.267 ,919,2021,2,129,496,424,54,113,24,0,17,188,69,1,4,한동희
0.265 ,920,2021,8,137,580,461,84,122,19,2,21,208,69,0,4,추신수
0.262 ,921,2021,8,136,534,461,75,121,19,6,5,167,45,8,6,최지훈
0.259 ,922,2021,7,144,595,510,85,132,23,1,12,193,68,3,5,배정대
0.256 ,923,2021,8,116,470,406,50,104,16,0,18,174,67,0,2,최주환
0.254 ,924,2021,5,134,532,464,62,118,19,2,8,165,57,4,5,오지환
0.253 ,925,2021,5,144,600,513,78,130,24,2,6,176,52,5,4,서건창
0.249 ,926,2021,10,131,481,413,61,103,21,0,22,190,83,5,3,박동원
0.249 ,927,2021,1,124,462,406,49,101,20,0,7,142,38,4,2,강진성
0.246 ,928,2021,4,131,483,418,51,103,15,5,1,131,59,8,3,박찬호
0.237 ,929,2021,4,127,539,468,42,111,24,1,9,164,59,0,2,터커
0.236 ,930,2021,7,138,515,428,71,101,14,1,0,117,48,5,5,조용호
0.235 ,931,2021,3,132,496,429,46,101,17,1,3,129,42,8,4,김상수
0.233 ,932,2021,4,104,446,373,52,87,15,1,12,140,55,0,2,최형우
0.231 ,933,2021,7,127,460,385,46,89,13,0,14,144,63,9,3,장성우
0.231 ,934,2021,3,131,480,399,40,92,19,0,9,138,59,2,8,이원석
0.227 ,935,2021,10,118,477,409,48,93,23,0,20,176,76,0,7,박병호
0.349 ,936,2022,10,142,627,553,85,193,36,10,23,318,113,0,3,이정후
0.342 ,937,2022,3,141,630,561,102,192,33,4,28,317,109,0,2,피렐라
0.336 ,938,2022,1,111,463,408,52,137,18,1,10,187,61,0,3,박건우
0.331 ,939,2022,2,142,591,540,53,179,23,0,23,271,101,0,6,이대호
0.320 ,940,2022,4,144,649,563,92,180,39,2,21,286,97,0,5,나성범
0.318 ,941,2022,10,129,566,516,81,164,18,7,4,208,48,0,3,김혜성
0.315 ,942,2022,5,126,466,406,52,128,22,3,9,183,56,5,7,문보경
0.311 ,943,2022,4,127,554,514,83,160,29,7,17,254,77,0,4,소크라테스
0.309 ,944,2022,6,139,550,508,52,157,28,0,6,203,77,0,5,페르난데스
0.308 ,945,2022,7,131,531,474,52,146,18,4,3,181,44,2,3,조용호
0.307 ,946,2022,2,129,499,456,43,140,27,0,14,209,65,0,4,한동희
0.304 ,947,2022,2,120,517,470,73,143,31,1,11,209,68,0,9,전준우
0.304 ,948,2022,8,144,640,569,93,173,32,4,10,243,61,13,4,최지훈
0.298 ,949,2022,8,140,564,494,68,147,24,4,2,185,56,6,2,박성한
0.296 ,950,2022,1,139,576,510,67,151,34,1,16,235,85,0,7,마티니
0.296 ,951,2022,5,126,526,467,48,138,26,2,12,204,83,0,11,채은성
0.289 ,952,2022,5,144,636,570,97,165,20,8,3,210,49,7,6,박해민
0.289 ,953,2022,6,121,493,432,59,125,23,0,8,172,60,2,7,허경민
0.289 ,954,2022,9,144,648,575,88,166,37,4,12,247,43,0,2,터크먼
0.287 ,955,2022,4,140,587,505,51,145,23,0,3,177,61,7,3,김선빈
0.286 ,956,2022,5,141,604,524,78,150,25,2,23,248,106,0,3,김현수
0.286 ,957,2022,5,118,525,437,76,125,19,4,1,155,51,5,5,홍창기
0.284 ,958,2022,2,132,562,493,71,140,27,3,14,215,58,8,5,안치홍
0.283 ,959,2022,1,130,510,427,61,121,24,0,20,205,94,0,10,양의지
0.281 ,960,2022,9,115,490,434,55,122,24,1,6,166,59,0,4,노시환
0.280 ,961,2022,1,115,451,396,50,111,24,0,15,180,75,3,5,노진혁
0.277 ,962,2022,1,138,617,548,72,152,29,4,4,201,48,1,6,손아섭
0.277 ,963,2022,10,126,547,473,65,131,30,0,21,224,73,0,4,푸이그
0.275 ,964,2022,7,124,487,429,72,118,17,0,35,240,98,0,6,박병호
0.274 ,965,2022,4,127,477,405,55,111,19,2,2,140,48,8,2,류지혁
0.274 ,966,2022,9,140,601,508,67,139,20,2,8,187,49,4,3,정은원
0.272 ,967,2022,4,130,566,493,81,134,22,0,4,168,45,8,7,박찬호
0.269 ,968,2022,5,142,569,494,75,133,16,4,25,232,87,3,3,오지환
0.268 ,969,2022,3,135,536,470,57,126,42,0,21,231,94,0,7,오재일
0.267 ,970,2022,10,137,450,420,38,112,13,4,2,139,37,8,0,이지영
0.267 ,971,2022,1,104,451,390,61,104,22,1,4,140,38,6,3,박민우
0.266 ,972,2022,7,144,575,508,64,135,24,2,6,181,56,5,4,배정대
0.266 ,973,2022,8,121,505,414,80,110,21,0,26,209,87,0,6,최정
0.264 ,974,2022,4,132,530,454,55,120,27,1,14,191,71,0,2,최형우
0.264 ,975,2022,8,135,545,458,62,121,33,1,21,219,100,0,5,한유섬
0.264 ,976,2022,6,134,487,444,54,117,28,1,10,177,62,6,5,강승호
0.262 ,977,2022,7,141,581,519,59,136,25,3,10,197,64,2,2,황재균
0.259 ,978,2022,6,127,455,405,58,105,12,4,3,134,41,6,4,정수빈
0.259 ,979,2022,8,112,499,409,77,106,20,1,16,176,58,2,4,추신수
0.258 ,980,2022,9,125,483,445,50,115,18,2,5,152,58,1,3,하주석
0.256 ,981,2022,4,129,524,476,40,122,27,0,14,191,91,0,5,황대인
0.255 ,982,2022,5,139,469,416,54,106,16,0,8,146,47,6,2,유강남
0.248 ,983,2022,6,128,517,448,64,111,24,1,23,206,72,0,4,김재환
0.247 ,984,2022,10,142,601,547,67,135,21,4,13,203,79,1,7,송성문
0.244 ,985,2022,6,107,446,405,58,99,14,1,20,175,51,0,2,양석환
0.242 ,986,2022,4,123,447,385,52,93,21,0,18,168,57,7,1,박동원
0.240 ,987,2022,9,119,464,404,46,97,18,0,7,136,53,3,4,김태연
0.240 ,988,2022,7,132,449,388,69,93,8,2,4,117,34,11,4,심우준
0.339 ,989,2023,1,140,609,551,97,187,36,3,5,244,65,1,5,손아섭
0.336 ,990,2023,3,119,515,453,65,152,37,1,11,224,71,2,3,구자욱
0.335 ,991,2023,10,137,621,556,104,186,29,6,7,248,57,0,5,김혜성
0.332 ,992,2023,5,141,643,524,109,174,35,2,1,216,65,3,6,홍창기
0.323 ,993,2023,8,122,523,473,76,153,29,0,12,218,76,1,1,에레디아
0.320 ,994,2023,4,119,473,419,41,134,16,0,0,150,48,8,3,김선빈
0.319 ,995,2023,1,130,533,458,70,146,34,2,12,220,85,1,9,박건우
0.316 ,996,2023,1,124,509,452,76,143,20,7,2,183,46,5,3,박민우
0.313 ,997,2023,5,139,583,520,87,163,29,4,23,269,95,0,7,오스틴
0.312 ,998,2023,2,138,559,493,80,154,21,3,17,232,77,0,7,전준우
0.305 ,999,2023,6,129,510,439,56,134,23,0,17,208,68,0,3,양의지
0.302 ,1000,2023,4,121,508,431,64,130,27,1,17,210,81,0,4,최형우
0.301 ,1001,2023,4,130,507,452,73,136,18,4,3,171,52,7,6,박찬호
0.301 ,1002,2023,5,131,542,469,77,141,29,5,10,210,72,9,4,문보경
0.298 ,1003,2023,9,131,595,514,85,153,30,1,31,278,101,0,3,노시환
0.297 ,1004,2023,8,128,552,471,94,140,31,0,29,258,87,1,6,최정
0.297 ,1005,2023,7,113,448,397,68,118,20,3,3,153,41,7,5,김민혁
0.295 ,1006,2023,7,109,457,407,62,120,26,2,6,168,49,3,1,황재균
0.294 ,1007,2023,5,136,534,449,77,132,21,4,2,167,57,6,4,문성주
0.293 ,1008,2023,5,133,556,488,53,143,22,2,6,187,88,1,8,김현수
0.292 ,1009,2023,2,121,494,425,57,124,20,1,8,170,63,5,5,안치홍
0.290 ,1010,2023,3,125,495,434,60,126,19,0,16,193,77,1,5,강민호
0.289 ,1011,2023,7,133,547,491,83,142,31,3,15,224,70,0,3,알포드
0.288 ,1012,2023,7,131,464,410,37,118,22,0,11,173,65,3,7,장성우
0.287 ,1013,2023,6,137,583,498,75,143,14,11,2,185,33,12,2,정수빈
0.285 ,1014,2023,3,139,605,557,66,159,28,1,16,237,80,0,2,피렐라
0.285 ,1015,2023,4,142,608,547,91,156,31,3,20,253,96,0,8,소크라테스
0.285 ,1016,2023,5,144,558,485,80,138,14,2,6,174,59,24,1,박해민
0.283 ,1017,2023,7,132,493,431,53,122,15,0,18,191,87,0,8,박병호
0.283 ,1018,2023,1,118,503,435,55,123,20,2,17,198,90,0,10,마틴
0.281 ,1019,2023,6,140,582,524,73,147,28,0,21,238,89,0,11,양석환
0.275 ,1020,2023,3,109,479,433,62,119,10,6,3,150,46,8,3,김현준
0.271 ,1021,2023,7,129,512,443,58,120,19,1,3,150,56,8,3,김상수
0.268 ,1022,2023,8,117,503,462,65,124,19,8,2,165,30,8,1,최지훈
0.268 ,1023,2023,3,132,522,455,63,122,11,1,2,141,45,10,5,류지혁
0.268 ,1024,2023,6,130,475,429,44,115,23,1,7,161,48,0,5,허경민
0.268 ,1025,2023,5,126,502,422,65,113,24,3,8,167,62,4,4,오지환
0.266 ,1026,2023,9,137,481,428,47,114,22,2,5,155,49,9,5,문현빈
0.266 ,1027,2023,8,128,529,459,53,122,19,0,9,168,47,7,4,박성한
0.265 ,1028,2023,6,127,459,419,51,111,18,6,7,162,59,4,3,강승호
0.263 ,1029,2023,9,137,596,521,71,137,17,0,23,223,84,0,3,채은성
0.255 ,1030,2023,2,129,454,400,53,102,24,0,3,135,39,12,5,김민석
0.254 ,1031,2023,8,112,462,382,65,97,17,1,12,152,41,0,2,추신수
0.253 ,1032,2023,6,122,464,403,52,102,24,4,19,191,65,0,3,로하스
0.249 ,1033,2023,5,130,481,409,54,102,17,1,20,181,75,8,8,박동원
0.249 ,1034,2023,3,143,538,458,61,114,19,2,12,173,60,16,6,이재현
0.235 ,1035,2023,8,134,478,426,48,100,24,0,20,184,63,1,3,최주환
0.233 ,1036,2023,1,127,474,403,56,94,9,2,10,137,54,8,4,김주원
0.222 ,1037,2023,9,122,459,388,50,86,12,0,2,104,30,5,1,정은원
0.220 ,1038,2023,6,132,484,405,40,89,15,0,10,134,46,0,2,김재환
0.360 ,1039,2024,8,136,591,541,82,195,31,1,21,291,118,0,9,에레디아
0.352 ,1040,2024,2,144,632,574,88,202,40,3,15,293,111,0,11,레이예스
0.347 ,1041,2024,4,141,625,544,143,189,29,10,38,352,109,1,7,김도영
0.343 ,1042,2024,3,129,568,493,92,169,39,1,33,309,115,2,6,구자욱
0.340 ,1043,2024,10,142,602,527,88,179,29,4,19,273,104,0,8,송성문
0.336 ,1044,2024,5,139,637,524,96,176,18,3,5,215,73,1,4,홍창기
0.329 ,1045,2024,7,144,670,572,108,188,39,1,32,325,112,0,4,로하스
0.329 ,1046,2024,4,116,466,423,48,139,23,0,9,189,57,7,0,김선빈
0.328 ,1047,2024,1,121,528,457,75,150,26,2,8,204,50,4,4,박민우
0.326 ,1048,2024,10,127,567,509,90,166,26,4,11,233,75,0,7,김혜성
0.319 ,1049,2024,5,140,604,527,99,168,32,3,32,302,132,0,13,오스틴
0.316 ,1050,2024,3,135,535,453,102,143,16,3,3,174,36,12,1,김지찬
0.314 ,1051,2024,6,119,485,430,57,135,18,1,17,206,94,0,6,양의지
0.312 ,1052,2024,2,121,489,407,59,127,35,4,7,191,66,2,7,나승엽
0.310 ,1053,2024,4,140,602,552,92,171,30,3,26,285,97,0,5,소크라테스
0.309 ,1054,2024,6,115,477,417,69,129,28,0,7,178,61,0,6,허경민
0.308 ,1055,2024,2,120,532,481,79,148,27,6,14,229,87,1,8,고승민
0.307 ,1056,2024,4,134,577,515,86,158,24,1,5,199,61,7,6,박찬호
0.306 ,1057,2024,1,131,567,504,90,154,25,1,46,319,119,0,7,데이비슨
0.303 ,1058,2024,3,136,452,403,48,122,19,1,19,200,77,0,6,강민호
0.301 ,1059,2024,8,137,564,489,78,147,24,0,10,201,67,3,6,박성한
0.301 ,1060,2024,5,144,602,519,80,156,35,3,22,263,101,3,13,문보경
0.300 ,1061,2024,1,123,511,416,66,125,22,1,13,188,77,2,6,권희동
0.300 ,1062,2024,9,128,533,473,64,142,21,0,13,202,66,1,4,안치홍
0.297 ,1063,2024,5,128,474,387,78,115,11,6,0,138,40,15,3,신민재
0.294 ,1064,2024,5,137,583,517,61,152,36,2,8,216,69,1,9,김현수
0.293 ,1065,2024,2,141,613,532,97,156,35,4,14,241,85,2,5,윤동희
0.293 ,1066,2024,2,109,483,423,57,124,26,2,17,205,82,1,5,전준우
0.292 ,1067,2024,4,136,508,438,75,128,23,3,9,184,56,7,5,최원준
0.291 ,1068,2024,8,129,550,468,93,136,27,2,37,278,107,0,7,최정
0.291 ,1069,2024,9,126,472,413,59,120,24,0,12,180,61,6,4,김태연
0.289 ,1070,2024,7,144,614,550,92,159,27,0,26,264,96,0,2,강백호
0.288 ,1071,2024,4,112,449,399,56,115,16,1,9,160,54,0,3,이우성
0.285 ,1072,2024,1,141,567,512,68,146,19,3,10,201,61,6,3,서호철
0.284 ,1073,2024,6,136,608,510,95,145,21,3,4,184,47,10,8,정수빈
0.283 ,1074,2024,6,136,552,474,78,134,28,0,29,249,92,0,9,김재환
0.280 ,1075,2024,6,140,566,521,81,146,34,7,18,248,81,2,4,강승호
0.280 ,1076,2024,4,116,487,425,67,119,23,2,22,212,109,0,5,최형우
0.275 ,1077,2024,8,125,543,483,89,133,22,7,11,202,49,6,2,최지훈
0.275 ,1078,2024,7,113,473,404,49,111,25,1,7,159,59,8,7,배정대
0.275 ,1079,2024,9,122,522,455,75,125,24,0,24,221,70,0,2,페라자
0.272 ,1080,2024,5,130,498,434,58,118,22,0,20,200,80,2,7,박동원
0.272 ,1081,2024,9,136,601,526,88,143,20,2,24,239,89,0,4,노시환
0.271 ,1082,2024,9,124,498,436,61,118,24,0,20,202,83,0,5,채은성
0.268 ,1083,2024,7,131,489,418,53,112,19,0,19,188,81,2,8,장성우
0.266 ,1084,2024,10,115,537,473,82,126,19,3,13,190,60,0,1,이주형
0.263 ,1085,2024,5,144,553,482,72,127,16,6,6,173,56,5,9,박해민
0.262 ,1086,2024,2,139,468,405,57,106,19,1,7,148,53,3,3,박승욱
0.260 ,1087,2024,3,109,458,389,71,101,18,1,14,163,66,0,3,이재현
0.260 ,1088,2024,7,137,536,493,60,128,22,0,13,189,58,5,2,황재균
0.258 ,1089,2024,1,140,562,488,78,126,24,1,16,200,73,4,8,김휘집
0.257 ,1090,2024,10,130,544,482,49,124,23,1,13,188,84,0,9,최주환
0.252 ,1091,2024,3,126,509,456,65,115,16,3,28,221,79,1,4,김영웅
0.252 ,1092,2024,1,134,475,385,61,97,18,2,9,146,49,9,5,김주원
0.246 ,1093,2024,6,142,593,533,83,131,25,1,34,260,107,1,3,양석환
0.235 ,1094,2024,8,132,523,464,64,109,29,0,24,210,87,1,3,한유섬
0.366 ,1095,2025,3,56,220,186,43,68,15,3,2,95,28,6,1,김성윤
0.351 ,1096,2025,2,71,319,291,43,102,25,0,8,151,56,0,4,레이예스
0.324 ,1097,2025,9,68,279,250,30,81,15,1,8,122,37,2,3,문현빈
0.322 ,1098,2025,4,66,277,233,36,75,20,1,11,130,43,0,2,최형우
0.309 ,1099,2025,1,62,252,220,33,68,16,7,0,98,34,2,1,박민우
0.307 ,1100,2025,6,67,271,231,30,71,13,0,12,120,44,0,3,양의지
0.302 ,1101,2025,3,65,235,202,30,61,9,0,1,73,21,7,2,류지혁
0.299 ,1102,2025,3,70,300,271,42,81,14,0,25,170,74,0,3,디아즈
0.298 ,1103,2025,5,68,299,245,50,73,11,1,13,125,49,0,3,문보경
0.294 ,1104,2025,2,61,267,235,35,69,13,1,2,90,24,2,2,고승민
0.294 ,1105,2025,7,61,238,218,27,64,7,1,0,73,20,1,1,김민혁
0.290 ,1106,2025,5,69,267,231,35,67,10,0,7,98,49,0,1,김현수
0.290 ,1107,2025,5,65,269,231,47,67,10,0,19,134,52,0,4,오스틴
0.289 ,1108,2025,5,66,239,201,35,58,8,0,13,105,40,2,4,박동원
0.288 ,1109,2025,9,70,276,250,28,72,16,1,10,120,36,3,0,채은성
0.288 ,1110,2025,2,70,298,257,32,74,17,1,6,111,43,3,4,전준우
0.286 ,1111,2025,8,66,254,238,21,68,14,1,7,105,32,0,4,고명준
0.281 ,1112,2025,3,61,227,203,16,57,13,0,4,82,35,0,3,강민호
0.279 ,1113,2025,8,68,299,269,36,75,10,3,2,97,21,1,4,최지훈
0.279 ,1114,2025,5,61,229,201,18,56,8,1,0,66,24,0,2,문성주
0.278 ,1115,2025,6,62,270,248,30,69,11,1,4,94,26,0,3,케이브
0.274 ,1116,2025,10,73,314,281,39,77,18,0,10,125,38,0,1,송성문
0.273 ,1117,2025,3,69,293,256,47,70,17,0,12,123,49,1,4,구자욱
0.271 ,1118,2025,9,65,285,258,36,70,18,2,8,116,29,0,2,플로리얼
0.269 ,1119,2025,4,60,267,227,33,61,10,0,3,80,19,6,2,박찬호
0.268 ,1120,2025,6,67,277,235,42,63,6,0,3,78,17,2,2,정수빈
0.267 ,1121,2025,10,69,289,262,26,70,18,1,5,105,36,0,5,최주환
0.260 ,1122,2025,6,56,232,204,27,53,13,0,6,84,23,0,3,양석환
0.258 ,1123,2025,8,65,255,229,26,59,15,0,5,89,30,1,0,한유섬
0.255 ,1124,2025,7,71,306,263,38,67,17,0,9,111,32,0,3,로하스
0.255 ,1125,2025,7,68,254,216,22,55,10,0,6,83,32,1,5,장성우
0.251 ,1126,2025,1,65,233,179,29,45,13,0,3,67,18,3,0,권희동
0.251 ,1127,2025,6,63,264,227,29,57,9,2,7,91,34,0,1,김재환
0.246 ,1128,2025,2,57,238,199,26,49,9,1,7,81,31,0,1,나승엽
0.246 ,1129,2025,1,67,289,248,44,61,7,3,5,89,22,3,1,김주원
0.246 ,1130,2025,8,67,282,232,37,57,14,0,3,80,23,2,1,박성한
0.245 ,1131,2025,10,58,228,192,22,47,7,0,7,75,18,0,0,이주형
0.243 ,1132,2025,5,70,270,214,33,52,7,2,0,63,12,13,1,박해민
0.239 ,1133,2025,3,61,238,218,29,52,10,1,8,88,30,0,2,김영웅
0.233 ,1134,2025,3,69,276,223,40,52,9,0,7,82,34,3,5,이재현
0.233 ,1135,2025,9,70,304,266,46,62,12,1,13,115,46,0,1,노시환
0.231 ,1136,2025,8,66,232,199,29,46,6,1,0,54,14,5,0,정준재
0.214 ,1137,2025,6,59,230,210,28,45,13,2,3,71,21,0,1,강승호
0.200 ,1138,2025,1,66,229,205,27,41,8,1,8,75,20,1,0,김휘집
