PITCHER_STATS_ID,TEAM_ID,PITCHER_STATS_YEAR,PLAYER_NAME,PITCHER_STATS_ERA,PITCHER_STATS_G,PITCHER_STATS_W,PITCHER_STATS_L,PITCHER_STATS_SV,PITCHER_STATS_HLD,PITCHER_STATS_WPCT,PITCHER_STATS_IP,PITCHER_STATS_H,PITCHER_STATS_HR,PITCHER_STATS_BB,PITCHER_STATS_HBP,PITCHER_STATS_SO,PITCHER_STATS_R,PITCHER_STATS_ER,PITCHER_STATS_WHIP
1,3,2002,엘비라,2.50 ,22,13,6,0,0,0.684 ,137,115,7,52,4,111,44,38,1.22 
2,9,2002,송진우,2.99 ,31,18,7,0,0,0.720 ,220,199,16,54,11,165,82,73,1.15 
3,3,2002,임창용,3.08 ,36,17,6,2,0,0.739 ,204 1/3,188,24,34,24,160,82,70,1.09 
4,4,2002,리오스,3.14 ,54,14,5,13,1,0.737 ,157 2/3,140,14,44,24,102,59,55,1.17 
5,13,2002,이승호,3.15 ,27,6,12,0,0,0.333 ,142 2/3,120,18,40,5,144,55,50,1.12 
6,13,2002,채병용,3.19 ,51,7,9,11,2,0.438 ,141,120,20,44,9,126,51,50,1.16 
7,4,2002,키퍼,3.34 ,32,19,9,0,0,0.679 ,202 1/3,172,24,52,16,135,84,75,1.11 
8,6,2002,박명환,3.44 ,30,14,10,0,0,0.583 ,185 2/3,173,12,68,7,169,78,71,1.30 
9,2,2002,손민한,3.67 ,23,4,9,0,0,0.308 ,142 1/3,144,19,30,4,82,68,58,1.22 
10,6,2002,구자운,3.79 ,32,8,8,1,0,0.500 ,133,134,6,58,7,95,64,56,1.44 
11,6,2002,레스,3.87 ,31,16,8,0,0,0.667 ,202 1/3,202,19,69,8,154,97,87,1.34 
12,6,2002,이상훈,3.91 ,70,4,10,2,6,0.286 ,133 2/3,129,9,40,10,93,59,58,1.26 
13,6,2002,콜,4.01 ,27,12,6,0,0,0.667 ,157,152,11,73,8,114,71,70,1.43 
14,4,2002,김진우,4.07 ,33,12,11,0,0,0.522 ,188,201,20,67,11,177,94,85,1.43 
15,12,2002,토레스,4.19 ,28,10,11,0,0,0.476 ,180 1/3,182,21,64,21,97,97,84,1.36 
16,5,2002,만자니오,4.32 ,31,8,11,0,1,0.421 ,162 1/3,161,13,94,21,122,85,78,1.57 
17,2,2002,염종석,4.36 ,31,8,14,0,0,0.364 ,159,180,15,36,15,108,93,77,1.36 
18,5,2002,최원호,4.41 ,31,6,11,0,0,0.353 ,138 2/3,127,19,61,17,53,70,68,1.36 
19,4,2002,최상덕,4.47 ,24,8,7,0,0,0.533 ,133,150,23,33,4,79,79,66,1.38 
20,13,2002,제춘모,4.68 ,30,9,7,0,0,0.563 ,146,154,18,51,11,93,90,76,1.40 
21,12,2002,김수경,4.88 ,27,12,10,0,0,0.545 ,151 1/3,155,25,58,2,130,84,82,1.41 
22,9,2002,정민철,5.35 ,26,7,13,0,0,0.350 ,138,144,19,39,9,116,83,82,1.33 
23,12,2003,바워스,3.01 ,24,13,4,1,1,0.765 ,143 2/3,145,12,46,9,85,58,48,1.33 
24,5,2003,이승호,3.19 ,31,11,11,0,0,0.500 ,191 2/3,151,17,103,9,157,76,68,1.33 
25,12,2003,정민태,3.31 ,29,17,2,0,0,0.895 ,177,179,17,42,5,122,76,65,1.25 
26,4,2003,김진우,3.45 ,24,11,5,0,0,0.688 ,169 1/3,150,9,63,12,146,68,65,1.26 
27,9,2003,이상목,3.54 ,33,15,7,1,1,0.682 ,185 1/3,203,18,29,4,118,78,73,1.25 
28,3,2003,임창용,3.55 ,28,13,3,1,0,0.813 ,147,141,15,44,15,85,63,58,1.26 
29,6,2003,이리키,3.74 ,39,7,11,5,0,0.389 ,159,155,17,53,9,87,68,66,1.31 
30,6,2003,키퍼,3.79 ,29,8,7,0,0,0.533 ,168 2/3,160,15,46,17,77,78,71,1.22 
31,4,2003,리오스,3.82 ,30,10,13,0,0,0.435 ,188 2/3,186,19,62,28,121,93,80,1.31 
32,9,2003,정민철,4.00 ,26,11,10,0,0,0.524 ,139 2/3,132,18,51,4,73,65,62,1.31 
33,3,2003,김진웅,4.05 ,32,9,11,1,0,0.450 ,153 1/3,151,19,70,5,99,75,69,1.44 
34,13,2003,스미스,4.20 ,30,7,10,0,0,0.412 ,152,157,9,61,9,82,84,71,1.43 
35,3,2003,배영수,4.51 ,30,13,5,0,0,0.722 ,163 2/3,174,11,77,7,99,85,82,1.53 
36,12,2003,김수경,4.63 ,29,10,9,0,0,0.526 ,167,184,14,70,4,121,96,86,1.52 
37,6,2004,박명환,2.50 ,26,12,3,0,0,0.800 ,158 2/3,130,4,52,7,162,50,44,1.15 
38,6,2004,레스,2.60 ,29,17,8,0,0,0.680 ,200 2/3,189,12,57,15,116,68,58,1.23 
39,3,2004,배영수,2.61 ,35,17,2,0,0,0.895 ,189 2/3,163,6,74,11,144,65,55,1.25 
40,4,2004,리오스,2.87 ,32,17,8,0,0,0.680 ,222 2/3,209,10,70,25,145,75,71,1.25 
41,3,2004,권오준,3.23 ,47,11,5,2,7,0.688 ,153 1/3,128,15,40,7,142,56,55,1.10 
42,12,2004,피어리,3.32 ,28,16,6,0,0,0.727 ,181 2/3,166,24,61,9,130,73,67,1.25 
43,9,2004,송진우,3.61 ,28,11,8,1,0,0.579 ,172,162,19,44,7,100,73,69,1.20 
44,2,2004,박지철,3.87 ,27,9,7,0,0,0.563 ,139 2/3,131,9,60,6,94,62,60,1.37 
45,12,2004,오주원,3.99 ,30,10,9,0,0,0.526 ,149,135,16,53,5,113,71,66,1.26 
46,13,2004,이승호,3.99 ,31,15,9,0,1,0.625 ,169,160,21,87,13,145,87,75,1.46 
47,12,2004,김수경,4.01 ,26,11,8,0,0,0.579 ,152 2/3,151,14,62,3,100,74,68,1.40 
48,5,2004,장문석,4.03 ,28,10,8,1,0,0.556 ,152,168,15,55,8,75,73,68,1.47 
49,4,2004,마뇽,4.17 ,34,8,9,0,1,0.471 ,155 1/3,156,15,63,9,83,76,72,1.41 
50,13,2004,김원형,4.20 ,30,8,6,1,1,0.571 ,135,147,19,41,10,78,70,63,1.39 
51,3,2004,호지스,4.24 ,30,9,10,0,0,0.474 ,163 1/3,158,15,81,21,123,91,77,1.46 
52,3,2004,김진웅,4.32 ,35,9,7,0,2,0.563 ,135 1/3,126,12,75,8,99,73,65,1.49 
53,5,2004,김광삼,4.47 ,31,8,7,0,1,0.533 ,151,164,9,76,11,109,85,75,1.59 
54,12,2004,정민태,5.00 ,28,7,14,0,0,0.333 ,165 2/3,193,21,42,8,123,109,92,1.42 
55,9,2004,송창식,5.13 ,26,8,7,0,0,0.533 ,140 1/3,143,15,63,8,80,83,80,1.47 
56,4,2004,강철민,5.33 ,31,8,12,1,0,0.400 ,145 1/3,159,14,61,13,86,94,86,1.51 
57,2,2005,손민한,2.46 ,28,18,7,1,0,0.720 ,168 1/3,149,9,38,2,105,54,46,1.11 
58,3,2005,배영수,2.86 ,31,11,11,2,1,0.500 ,173,148,10,48,11,147,61,55,1.13 
59,6,2005,랜들,3.25 ,29,12,7,0,0,0.632 ,149 2/3,163,18,47,15,111,59,54,1.40 
60,12,2005,황두성,3.29 ,60,11,9,1,7,0.550 ,128 2/3,106,15,41,6,137,53,47,1.14 
61,13,2005,신승현,3.38 ,30,12,9,0,0,0.571 ,154 2/3,146,12,45,12,91,70,58,1.23 
62,13,2005,김원형,3.41 ,30,14,8,0,0,0.636 ,171 2/3,172,17,30,15,94,73,65,1.18 
63,9,2005,문동환,3.47 ,26,10,9,0,0,0.526 ,173 2/3,174,12,57,3,103,74,67,1.33 
64,6,2005,리오스,3.51 ,32,15,12,0,0,0.556 ,205 1/3,203,20,57,17,147,88,80,1.27 
65,9,2005,송진우,3.81 ,23,11,7,0,0,0.611 ,127 2/3,126,13,42,7,88,61,54,1.32 
66,4,2005,김진우,3.91 ,31,6,10,1,0,0.375 ,145,126,10,61,12,123,71,63,1.29 
67,12,2005,캘러웨이,3.97 ,32,16,9,0,0,0.640 ,197 1/3,206,17,54,12,103,99,87,1.32 
68,5,2005,최원호,4.07 ,27,13,6,0,0,0.684 ,163 2/3,153,17,60,15,106,79,74,1.30 
69,9,2005,김해님,4.28 ,32,6,8,1,2,0.429 ,128 1/3,152,12,30,10,61,66,61,1.42 
70,3,2005,바르가스,5.06 ,26,10,8,0,0,0.556 ,128,120,12,63,7,66,78,72,1.43 
71,12,2005,손승락,5.43 ,26,5,10,0,0,0.333 ,134 1/3,154,18,48,10,80,81,81,1.50 
72,9,2006,류현진,2.23 ,30,18,6,1,0,0.750 ,201 2/3,159,11,52,2,204,57,50,1.05 
73,3,2006,브라운,2.68 ,27,11,9,0,0,0.550 ,154 1/3,118,14,44,13,92,50,46,1.05 
74,2,2006,손민한,2.78 ,25,10,8,1,0,0.556 ,161 2/3,147,4,39,9,96,54,50,1.15 
75,6,2006,이혜천,2.79 ,32,8,6,0,1,0.571 ,142,119,4,56,12,104,52,44,1.23 
76,12,2006,장원삼,2.85 ,29,12,10,0,0,0.545 ,183 1/3,146,19,63,5,142,60,58,1.14 
77,12,2006,캘러웨이,2.87 ,27,14,7,0,0,0.667 ,166 1/3,171,4,35,8,95,61,53,1.24 
78,6,2006,리오스,2.90 ,34,12,16,0,0,0.429 ,233,204,14,49,15,145,86,75,1.09 
79,3,2006,배영수,2.92 ,32,8,9,0,4,0.471 ,157 1/3,142,13,38,9,133,56,51,1.14 
80,6,2006,랜들,2.95 ,30,16,8,0,0,0.667 ,192 1/3,170,14,58,10,142,66,63,1.19 
81,4,2006,그레이싱어,3.02 ,29,14,12,0,0,0.538 ,188,151,10,47,12,164,65,63,1.05 
82,9,2006,문동환,3.05 ,31,16,9,1,0,0.640 ,189,186,10,67,11,85,78,64,1.34 
83,13,2006,채병용,3.07 ,27,7,8,0,0,0.467 ,152 2/3,136,10,55,9,97,60,52,1.25 
84,2,2006,이상목,3.25 ,23,12,8,0,0,0.600 ,138 2/3,132,17,23,5,50,63,50,1.12 
85,4,2006,한기주,3.26 ,44,10,11,1,8,0.476 ,140 2/3,117,8,52,12,78,57,51,1.20 
86,3,2006,하리칼라,3.33 ,23,12,7,0,0,0.632 ,135 1/3,131,14,26,6,70,60,50,1.16 
87,12,2006,전준호,3.39 ,30,14,4,1,0,0.778 ,143 1/3,141,7,60,12,82,56,54,1.40 
88,5,2006,정재복,3.59 ,29,7,10,0,0,0.412 ,143,126,9,49,3,63,64,57,1.22 
89,9,2006,송진우,3.60 ,26,8,8,0,0,0.500 ,147 1/3,147,10,47,9,94,64,59,1.32 
90,2,2006,장원준,3.61 ,29,7,12,0,0,0.368 ,179 2/3,152,14,75,9,130,85,72,1.26 
91,2,2006,염종석,3.72 ,25,6,9,0,0,0.400 ,128 1/3,146,7,31,5,62,62,53,1.38 
92,3,2006,전병호,3.90 ,35,10,8,0,2,0.556 ,134,146,10,47,5,65,69,58,1.44 
93,13,2006,윤길현,3.90 ,32,5,9,1,2,0.357 ,140 2/3,126,13,54,7,91,66,61,1.28 
94,3,2006,임동규,3.91 ,34,8,7,0,3,0.533 ,138,136,20,41,8,59,69,60,1.28 
95,9,2006,정민철,3.93 ,25,7,13,0,0,0.350 ,130 2/3,142,18,42,5,62,68,57,1.41 
96,13,2006,김원형,4.07 ,24,5,9,0,0,0.357 ,139 1/3,152,11,41,13,52,69,63,1.39 
97,5,2006,심수창,4.38 ,29,10,9,0,0,0.526 ,135 2/3,147,17,52,8,56,73,66,1.47 
98,6,2007,리오스,2.07 ,33,22,5,0,0,0.815 ,234 2/3,191,8,58,16,147,69,54,1.06 
99,13,2007,채병용,2.84 ,28,11,8,0,0,0.579 ,146,137,8,47,5,84,51,46,1.26 
100,9,2007,정민철,2.90 ,26,12,5,0,0,0.706 ,155 1/3,155,11,32,8,66,58,50,1.20 
101,9,2007,류현진,2.94 ,30,17,7,0,0,0.708 ,211,195,15,68,3,178,74,69,1.25 
102,6,2007,랜들,3.12 ,28,12,8,0,0,0.600 ,164 1/3,142,16,55,10,113,60,57,1.20 
103,5,2007,박명환,3.19 ,27,10,6,0,0,0.625 ,155 1/3,133,11,72,4,117,59,55,1.32 
104,13,2007,레이번,3.27 ,32,17,8,0,0,0.680 ,184 2/3,167,13,86,13,98,74,67,1.37 
105,3,2007,브라운,3.33 ,30,12,8,0,0,0.600 ,162 1/3,155,10,43,14,68,65,60,1.22 
106,2,2007,손민한,3.34 ,30,13,10,0,0,0.565 ,194,191,17,48,2,95,74,72,1.23 
107,12,2007,장원삼,3.63 ,30,9,10,0,0,0.474 ,168 2/3,152,16,75,3,132,80,68,1.35 
108,13,2007,로마노,3.69 ,32,12,4,0,0,0.750 ,146 1/3,158,9,67,5,81,72,60,1.54 
109,4,2007,윤석민,3.78 ,28,7,18,0,0,0.280 ,162,161,10,59,15,104,76,68,1.36 
110,12,2007,김수경,3.88 ,30,12,7,0,0,0.632 ,176 1/3,170,19,61,2,127,85,76,1.31 
111,4,2007,스코비,3.92 ,22,8,10,0,0,0.444 ,126 1/3,123,11,62,5,58,57,55,1.46 
112,3,2007,전병호,4.06 ,32,8,8,0,2,0.500 ,137 1/3,148,11,41,4,39,71,62,1.38 
113,9,2007,세드릭,4.15 ,28,11,13,0,0,0.458 ,158 1/3,143,7,104,10,140,81,73,1.56 
114,5,2007,정재복,4.42 ,44,6,5,1,2,0.545 ,126 1/3,134,6,38,2,71,65,62,1.36 
115,12,2007,황두성,4.45 ,46,7,9,1,3,0.438 ,139 2/3,121,13,51,1,142,76,69,1.23 
116,2,2007,장원준,4.67 ,32,8,12,0,0,0.400 ,156,171,14,69,9,103,87,81,1.54 
117,12,2007,전준호,4.75 ,26,6,10,0,0,0.375 ,142,145,23,60,6,73,79,75,1.44 
118,4,2008,윤석민,2.33 ,24,14,5,0,1,0.737 ,154 2/3,121,10,42,4,119,45,40,1.05 
119,13,2008,김광현,2.39 ,27,16,4,0,0,0.800 ,162,127,9,63,2,150,50,43,1.17 
120,5,2008,봉중근,2.66 ,28,11,8,0,0,0.579 ,186 1/3,153,13,68,12,140,66,55,1.19 
121,13,2008,채병용,2.70 ,27,10,2,0,1,0.833 ,136 2/3,126,10,43,6,81,43,41,1.24 
122,15,2008,장원삼,2.85 ,27,12,8,0,0,0.600 ,167 1/3,145,9,57,2,126,54,53,1.21 
123,2,2008,손민한,2.97 ,26,12,4,0,0,0.750 ,179,183,12,40,1,80,66,59,1.25 
124,13,2008,레이번,3.30 ,26,5,3,0,0,0.625 ,133 2/3,129,9,65,10,68,55,49,1.45 
125,9,2008,류현진,3.31 ,26,14,7,0,0,0.667 ,165 2/3,144,12,67,1,143,66,61,1.27 
126,3,2008,정현욱,3.40 ,53,10,4,0,11,0.714 ,127,108,3,55,1,97,51,48,1.28 
127,15,2008,마일영,3.49 ,28,11,11,0,0,0.500 ,173,155,11,57,12,83,77,67,1.23 
128,2,2008,장원준,3.53 ,26,12,10,0,0,0.545 ,155 2/3,162,12,54,4,102,75,61,1.39 
129,2,2008,송승준,3.76 ,26,12,7,0,0,0.632 ,153 1/3,154,7,70,6,114,78,64,1.46 
130,3,2008,윤성환,3.92 ,35,10,11,0,2,0.476 ,135 1/3,132,8,45,7,102,66,59,1.31 
131,5,2008,옥스프링,3.93 ,29,10,10,0,0,0.500 ,174,182,12,77,12,110,83,76,1.49 
132,9,2008,송진우,4.48 ,31,6,8,0,2,0.429 ,132 2/3,141,13,62,6,73,72,66,1.53 
133,6,2008,랜들,4.48 ,29,9,9,0,0,0.500 ,150 2/3,171,15,49,9,101,78,75,1.46 
134,9,2008,정민철,5.23 ,25,6,10,0,0,0.375 ,127 1/3,144,13,40,5,56,78,74,1.45 
135,13,2009,김광현,2.80 ,21,12,2,0,0,0.857 ,138 1/3,121,14,53,4,112,46,43,1.26 
136,13,2009,전병두,3.11 ,49,8,4,8,1,0.667 ,133 1/3,114,13,48,2,136,50,46,1.22 
137,4,2009,로페즈,3.12 ,29,14,5,0,0,0.737 ,190 1/3,200,6,41,10,129,83,66,1.27 
138,13,2009,송은범,3.13 ,31,12,3,0,0,0.800 ,149 1/3,155,17,49,5,103,59,52,1.37 
139,4,2009,양현종,3.15 ,29,12,5,0,1,0.706 ,148 2/3,133,14,58,2,139,55,52,1.28 
140,4,2009,구톰슨,3.24 ,26,13,4,0,0,0.765 ,161 1/3,149,15,46,8,95,61,58,1.21 
141,5,2009,봉중근,3.29 ,26,11,12,0,0,0.478 ,172 1/3,160,13,57,14,127,70,63,1.26 
142,9,2009,류현진,3.57 ,28,13,12,0,0,0.520 ,189 1/3,180,19,67,2,188,80,75,1.30 
143,2,2009,조정훈,4.05 ,27,14,9,0,0,0.609 ,182 1/3,189,23,53,7,175,97,82,1.33 
144,2,2009,장원준,4.15 ,28,13,8,0,0,0.619 ,162 2/3,175,16,82,6,108,83,75,1.58 
145,15,2009,이현승,4.18 ,30,13,10,0,0,0.565 ,170,161,25,66,5,120,84,79,1.34 
146,3,2009,윤성환,4.32 ,30,14,5,0,0,0.737 ,166 2/3,163,19,34,10,131,83,80,1.18 
147,3,2009,크루세타,4.36 ,30,9,10,0,0,0.474 ,157,134,11,109,6,127,90,76,1.55 
148,2,2009,송승준,4.72 ,29,13,8,0,0,0.619 ,167 2/3,175,25,68,8,104,92,88,1.45 
149,6,2009,김선우,5.11 ,29,11,10,0,0,0.524 ,148,176,18,48,6,89,93,84,1.51 
150,9,2009,안영명,5.18 ,26,11,8,0,0,0.579 ,140 2/3,148,34,45,7,87,88,81,1.37 
151,9,2010,류현진,1.82 ,25,16,4,0,0,0.800 ,192 2/3,149,11,45,9,187,42,39,1.01 
152,13,2010,김광현,2.37 ,31,17,7,0,0,0.708 ,193 2/3,153,13,84,5,183,56,51,1.22 
153,13,2010,카도쿠라,3.22 ,30,14,7,0,0,0.667 ,153 2/3,146,14,52,6,143,65,55,1.29 
154,6,2010,히메네스,3.32 ,27,14,5,0,0,0.737 ,152,139,7,62,9,87,65,56,1.32 
155,4,2010,서재응,3.34 ,24,9,7,0,0,0.563 ,140,134,10,29,11,68,53,52,1.16 
156,3,2010,장원삼,3.46 ,29,13,5,0,0,0.722 ,151,139,13,44,5,115,62,58,1.21 
157,5,2010,봉중근,3.58 ,28,10,9,0,0,0.526 ,178 1/3,166,13,69,14,130,74,71,1.32 
158,2,2010,사도스키,3.87 ,27,10,8,0,0,0.556 ,169 2/3,153,17,54,8,120,83,73,1.22 
159,6,2010,김선우,4.02 ,28,13,6,0,0,0.684 ,154 2/3,163,12,50,8,128,77,69,1.38 
160,4,2010,양현종,4.25 ,30,16,8,0,0,0.667 ,169 1/3,169,9,98,6,145,84,80,1.58 
161,2,2010,송승준,4.39 ,27,14,6,0,0,0.700 ,168,156,20,60,9,113,90,82,1.29 
162,2,2010,장원준,4.43 ,26,12,6,0,0,0.667 ,144 1/3,158,24,48,8,113,77,71,1.43 
163,4,2010,로페즈,4.66 ,27,4,10,1,0,0.286 ,166,180,22,43,8,83,92,86,1.34 
164,14,2010,번사이드,5.34 ,29,10,10,0,0,0.500 ,140,150,16,82,18,98,91,83,1.66 
165,9,2010,유원상,5.50 ,29,5,14,0,0,0.263 ,142 1/3,164,20,69,2,82,89,87,1.64 
166,4,2011,윤석민,2.45 ,27,17,5,1,0,0.773 ,172 1/3,137,10,44,6,178,53,47,1.05 
167,6,2011,니퍼트,2.55 ,29,15,6,0,0,0.714 ,187,150,8,64,10,150,61,53,1.14 
168,6,2011,김선우,3.13 ,28,16,7,1,0,0.696 ,175 2/3,188,12,35,6,89,68,61,1.27 
169,2,2011,장원준,3.14 ,29,15,6,0,0,0.714 ,180 2/3,195,7,62,9,129,72,63,1.42 
170,3,2011,윤성환,3.54 ,24,14,5,0,0,0.737 ,137 1/3,151,8,30,3,83,62,54,1.32 
171,5,2011,주키치,3.60 ,32,10,8,1,0,0.556 ,187 2/3,174,9,53,1,150,86,75,1.21 
172,3,2011,차우찬,3.69 ,24,10,6,0,0,0.625 ,148 2/3,156,22,62,3,114,75,61,1.47 
173,5,2011,리즈,3.88 ,30,11,13,0,0,0.458 ,164 2/3,149,11,84,15,122,79,71,1.41 
174,2,2011,사도스키,3.91 ,25,11,8,0,0,0.579 ,140 1/3,130,15,52,6,79,64,61,1.30 
175,4,2011,로페즈,3.98 ,26,11,9,1,0,0.550 ,153 2/3,153,14,26,9,106,71,68,1.16 
176,2,2011,송승준,4.18 ,30,13,10,0,0,0.565 ,172 1/3,181,17,59,7,126,84,80,1.39 
177,5,2011,박현준,4.18 ,29,13,10,0,0,0.565 ,163 2/3,153,13,68,11,137,88,76,1.35 
178,2,2011,고원준,4.19 ,36,9,7,2,0,0.563 ,152 2/3,163,15,59,6,85,77,71,1.45 
179,9,2011,양훈,4.28 ,27,6,10,0,0,0.375 ,143,145,15,60,5,110,75,68,1.43 
180,14,2011,나이트,4.70 ,30,7,15,0,0,0.318 ,172 1/3,169,12,98,12,115,98,90,1.55 
181,9,2011,안승민,5.89 ,29,7,9,0,0,0.438 ,139,177,22,30,8,90,101,91,1.49 
182,14,2012,나이트,2.20 ,30,16,4,0,0,0.800 ,208 2/3,180,6,53,7,102,60,51,1.12 
183,6,2012,노경은,2.53 ,42,12,6,0,7,0.667 ,146,106,6,69,8,133,46,41,1.20 
184,2,2012,유먼,2.55 ,29,13,7,0,1,0.650 ,179 2/3,156,10,56,1,142,58,51,1.18 
185,4,2012,서재응,2.59 ,29,9,8,0,0,0.529 ,160,143,7,51,7,97,51,46,1.21 
186,9,2012,류현진,2.66 ,27,9,9,0,0,0.500 ,182 2/3,153,12,46,5,210,58,54,1.09 
187,4,2012,김진우,2.90 ,24,10,5,0,0,0.667 ,133 2/3,110,2,50,10,101,47,43,1.20 
188,6,2012,이용찬,3.00 ,26,10,11,0,0,0.476 ,162,154,5,63,6,113,58,54,1.34 
189,4,2012,윤석민,3.12 ,28,9,8,0,0,0.529 ,153,120,9,33,8,137,60,53,1.00 
190,6,2012,니퍼트,3.20 ,29,11,10,0,0,0.524 ,194,156,15,68,8,126,70,69,1.15 
191,3,2012,배영수,3.21 ,26,12,8,0,0,0.600 ,160,159,7,39,3,89,64,57,1.24 
192,14,2012,밴헤켄,3.28 ,28,11,8,0,0,0.579 ,170,166,16,60,3,132,68,62,1.33 
193,2,2012,송승준,3.31 ,28,7,11,0,0,0.389 ,163,158,12,57,8,117,73,60,1.32 
194,13,2012,윤희상,3.36 ,28,10,9,0,0,0.526 ,163 1/3,164,10,49,6,100,66,61,1.30 
195,5,2012,주키치,3.45 ,30,11,8,0,1,0.579 ,177 1/3,179,6,54,4,96,75,68,1.31 
196,4,2012,소사,3.54 ,23,9,8,0,0,0.529 ,147 1/3,137,9,39,8,104,62,58,1.19 
197,3,2012,장원삼,3.55 ,27,17,6,0,1,0.739 ,157,143,9,38,9,127,64,62,1.15 
198,5,2012,리즈,3.69 ,32,5,12,5,0,0.294 ,151 1/3,138,6,68,9,144,68,62,1.36 
199,4,2012,앤서니,3.83 ,32,11,13,1,0,0.458 ,171 2/3,174,15,67,7,94,84,73,1.40 
200,3,2012,탈보트,3.97 ,25,14,3,0,0,0.824 ,138 1/3,136,8,54,5,68,63,61,1.37 
201,9,2012,김혁민,4.06 ,32,8,9,0,1,0.471 ,146 1/3,137,9,45,9,102,69,66,1.24 
202,2,2012,사도스키,4.32 ,29,8,8,0,1,0.500 ,150,154,9,69,6,98,75,72,1.49 
203,6,2012,김선우,4.52 ,28,6,9,0,0,0.400 ,163 1/3,182,13,41,8,63,91,82,1.37 
204,1,2013,찰리,2.48 ,29,11,7,0,0,0.611 ,189,175,6,60,14,116,60,52,1.24 
205,1,2013,이재학,2.88 ,27,10,5,1,0,0.667 ,156,123,12,59,14,144,53,50,1.17 
206,13,2013,세든,2.98 ,30,14,6,0,0,0.700 ,187 1/3,169,14,73,11,160,65,62,1.29 
207,5,2013,리즈,3.06 ,32,10,13,0,0,0.435 ,202 2/3,153,11,88,20,188,78,69,1.19 
208,3,2013,윤성환,3.27 ,27,13,8,0,0,0.619 ,170 2/3,167,16,37,4,122,69,62,1.20 
209,2,2013,옥스프링,3.29 ,30,13,7,0,0,0.650 ,183 1/3,164,10,69,11,144,79,67,1.27 
210,6,2013,유희관,3.53 ,41,10,7,1,3,0.588 ,145 1/3,141,7,52,7,96,60,57,1.33 
211,2,2013,유먼,3.54 ,31,13,4,0,0,0.765 ,193 1/3,186,19,78,5,141,81,76,1.37 
212,1,2013,해커,3.63 ,27,4,11,0,0,0.267 ,178 1/3,163,12,50,17,127,83,72,1.19 
213,14,2013,밴헤켄,3.73 ,29,12,10,0,0,0.545 ,161 2/3,178,11,58,10,137,78,67,1.46 
214,2,2013,송승준,3.76 ,29,12,6,0,0,0.667 ,167 2/3,171,11,64,4,133,74,70,1.40 
215,6,2013,노경은,3.84 ,30,10,10,0,0,0.500 ,180 1/3,171,16,75,6,153,88,77,1.36 
216,13,2013,윤희상,3.87 ,25,8,6,0,0,0.571 ,151 1/3,147,17,44,7,120,72,65,1.26 
217,5,2013,우규민,3.91 ,30,10,8,0,2,0.556 ,147 1/3,162,5,31,12,92,67,64,1.31 
218,3,2013,밴덴헐크,3.95 ,24,7,9,0,0,0.438 ,143 2/3,127,11,48,11,137,67,63,1.22 
219,9,2013,바티스타,4.20 ,29,7,7,0,0,0.500 ,143 2/3,141,9,70,13,150,77,67,1.47 
220,14,2013,강윤구,4.36 ,41,6,6,0,7,0.500 ,130,112,6,75,8,131,69,63,1.44 
221,3,2013,장원삼,4.38 ,27,13,10,1,0,0.565 ,154,165,21,42,9,104,85,75,1.34 
222,14,2013,나이트,4.43 ,30,12,10,0,0,0.545 ,172 2/3,192,10,79,14,129,96,85,1.57 
223,13,2013,김광현,4.47 ,25,10,9,0,0,0.526 ,133,128,12,68,4,102,72,66,1.47 
224,3,2013,배영수,4.71 ,27,14,4,0,0,0.778 ,151,193,9,38,14,101,83,79,1.53 
225,13,2013,레이예스,4.84 ,30,8,13,0,0,0.381 ,173,157,15,91,7,135,99,93,1.43 
226,9,2013,김혁민,5.40 ,42,5,10,0,11,0.333 ,146 2/3,142,25,60,12,96,93,88,1.38 
227,4,2013,소사,5.47 ,29,9,9,0,1,0.500 ,164 2/3,196,11,68,9,143,111,100,1.60 
228,9,2013,이브랜드,5.54 ,32,6,14,0,0,0.300 ,172 1/3,190,7,65,10,129,110,106,1.48 
229,3,2014,밴덴헐크,3.18 ,25,13,4,0,0,0.765 ,152 2/3,125,15,45,5,180,54,54,1.11 
230,13,2014,김광현,3.42 ,28,13,9,0,0,0.591 ,173 2/3,178,10,81,3,145,77,66,1.49 
231,14,2014,밴헤켄,3.51 ,31,20,6,0,0,0.769 ,187,193,9,53,3,178,81,73,1.32 
232,1,2014,찰리,3.81 ,28,12,8,0,0,0.600 ,165 1/3,184,13,55,9,92,90,70,1.45 
233,6,2014,니퍼트,3.81 ,30,14,7,0,1,0.667 ,179 1/3,186,17,48,6,158,83,76,1.30 
234,5,2014,리오단,3.96 ,28,9,10,0,0,0.474 ,168,177,13,37,10,77,80,74,1.27 
235,1,2014,해커,4.01 ,30,8,8,0,0,0.500 ,172 2/3,169,14,62,14,112,86,77,1.34 
236,5,2014,우규민,4.04 ,29,11,5,0,0,0.688 ,153 2/3,170,11,34,12,103,78,69,1.33 
237,3,2014,장원삼,4.11 ,24,11,5,0,0,0.688 ,129 1/3,149,16,37,5,63,70,59,1.44 
238,2,2014,옥스프링,4.20 ,32,10,8,0,0,0.556 ,184 1/3,184,20,63,5,130,93,86,1.34 
239,1,2014,이재학,4.21 ,29,10,9,0,0,0.526 ,156,152,16,68,8,131,77,73,1.41 
240,4,2014,양현종,4.25 ,29,16,8,0,0,0.667 ,171 1/3,162,12,77,4,165,85,81,1.39 
241,3,2014,윤성환,4.39 ,28,12,7,0,0,0.632 ,170 1/3,196,18,37,8,133,87,83,1.37 
242,6,2014,유희관,4.42 ,30,12,9,0,0,0.571 ,177 1/3,202,21,51,8,112,98,87,1.43 
243,2,2014,장원준,4.59 ,27,10,9,0,0,0.526 ,155,160,15,67,3,107,87,79,1.46 
244,3,2014,마틴,4.78 ,23,9,6,0,0,0.600 ,128,148,10,31,7,84,69,68,1.40 
245,5,2014,류제국,5.12 ,27,9,7,0,0,0.563 ,147 2/3,146,13,58,13,128,100,84,1.38 
246,9,2014,이태양,5.29 ,30,7,10,0,0,0.412 ,153,183,27,41,7,96,100,90,1.46 
247,3,2014,배영수,5.45 ,25,8,6,0,0,0.571 ,133 2/3,171,14,39,5,111,87,81,1.57 
248,9,2014,앨버스,5.89 ,28,6,13,0,0,0.316 ,151 1/3,200,18,40,4,107,108,99,1.59 
249,2,2014,유먼,5.93 ,28,12,10,0,0,0.545 ,151 2/3,196,20,63,3,84,109,100,1.71 
250,4,2014,임준섭,6.06 ,29,5,11,0,0,0.313 ,130 2/3,157,15,67,6,54,95,88,1.71 
251,13,2014,채병용,6.37 ,27,8,12,0,0,0.400 ,130,151,27,49,8,87,94,92,1.54 
252,4,2015,양현종,2.44 ,32,15,6,0,1,0.714 ,184 1/3,150,18,78,7,157,52,50,1.24 
253,1,2015,해커,3.13 ,31,19,5,0,0,0.792 ,204,174,14,36,25,164,81,71,1.03 
254,3,2015,피가로,3.38 ,25,13,7,0,0,0.650 ,165,154,16,51,7,117,66,62,1.24 
255,5,2015,우규민,3.42 ,25,11,9,0,0,0.550 ,152 2/3,163,13,17,12,119,64,58,1.18 
256,2,2015,린드블럼,3.56 ,32,13,11,0,0,0.542 ,210,196,28,52,12,180,86,83,1.18 
257,14,2015,밴헤켄,3.62 ,32,15,8,0,0,0.652 ,196 2/3,190,14,67,1,193,92,79,1.31 
258,13,2015,김광현,3.72 ,30,14,6,0,1,0.700 ,176 2/3,173,19,66,3,160,86,73,1.35 
259,3,2015,윤성환,3.76 ,30,17,8,0,0,0.680 ,194,199,27,30,10,164,86,81,1.18 
260,2,2015,레일리,3.91 ,31,11,9,0,0,0.550 ,179 1/3,182,20,57,15,134,93,78,1.33 
261,6,2015,유희관,3.94 ,30,18,5,0,0,0.783 ,189 2/3,193,23,44,4,126,84,83,1.25 
262,5,2015,소사,4.03 ,32,10,12,0,1,0.455 ,194 1/3,199,16,36,5,177,102,87,1.21 
263,6,2015,장원준,4.08 ,30,12,12,0,0,0.500 ,169 2/3,182,13,68,14,128,86,77,1.47 
264,13,2015,켈리,4.13 ,30,11,10,0,0,0.524 ,181,188,16,54,5,139,87,83,1.34 
265,7,2015,옥스프링,4.48 ,31,12,10,0,0,0.545 ,185,200,23,66,10,142,104,92,1.44 
266,14,2015,피어밴드,4.67 ,30,13,11,0,0,0.542 ,177 1/3,202,23,61,12,137,101,92,1.48 
267,9,2015,탈보트,4.72 ,30,10,11,0,0,0.476 ,156 1/3,153,11,85,13,120,93,82,1.52 
268,3,2015,차우찬,4.79 ,31,13,7,0,1,0.650 ,173,160,28,74,5,194,98,92,1.35 
269,5,2015,루카스,4.93 ,33,10,11,0,1,0.476 ,171 2/3,175,11,108,14,151,103,94,1.65 
270,4,2015,스틴슨,4.96 ,32,11,10,0,0,0.524 ,167,190,15,64,14,93,100,92,1.52 
271,3,2015,클로이드,5.19 ,28,11,11,0,0,0.500 ,159 2/3,190,24,38,12,123,103,92,1.43 
272,6,2016,니퍼트,2.95 ,28,22,3,0,0,0.880 ,167 2/3,151,15,57,9,142,61,55,1.24 
273,6,2016,장원준,3.32 ,27,15,6,0,0,0.714 ,168,161,14,76,9,137,66,62,1.41 
274,4,2016,헥터,3.40 ,31,15,5,0,0,0.750 ,206 2/3,211,7,51,6,139,88,78,1.27 
275,13,2016,켈리,3.68 ,31,9,8,0,0,0.529 ,200 1/3,205,15,60,7,152,91,82,1.32 
276,4,2016,양현종,3.68 ,31,10,12,0,0,0.455 ,200 1/3,191,19,77,2,146,96,82,1.34 
277,6,2016,보우덴,3.80 ,30,18,7,0,0,0.720 ,180,159,17,54,6,160,83,76,1.18 
278,14,2016,신재영,3.90 ,30,15,7,0,0,0.682 ,168 2/3,192,19,21,11,99,76,73,1.26 
279,5,2016,류제국,4.30 ,29,13,11,0,0,0.542 ,161 1/3,152,14,70,21,138,83,77,1.38 
280,2,2016,레일리,4.34 ,31,8,10,0,0,0.444 ,184 2/3,207,21,51,17,147,105,89,1.40 
281,3,2016,윤성환,4.35 ,28,11,10,0,0,0.524 ,180,202,25,41,13,85,95,87,1.35 
282,6,2016,유희관,4.41 ,30,15,6,0,0,0.714 ,185 2/3,212,22,58,6,102,95,91,1.45 
283,7,2016,피어밴드,4.45 ,31,7,13,0,0,0.350 ,182,231,23,48,10,144,97,90,1.53 
284,1,2016,스튜어트,4.56 ,27,12,8,0,0,0.600 ,150,160,11,55,8,118,79,76,1.43 
285,3,2016,차우찬,4.73 ,24,12,6,0,0,0.667 ,152 1/3,168,16,65,8,120,87,80,1.53 
286,5,2016,소사,5.16 ,33,10,9,0,0,0.526 ,199,258,12,38,9,107,121,114,1.49 
287,4,2016,지크,5.27 ,30,10,13,0,0,0.435 ,152,188,16,68,5,125,104,89,1.68 
288,2,2016,린드블럼,5.28 ,30,10,13,0,0,0.435 ,177 1/3,197,28,77,9,148,109,104,1.55 
289,7,2017,피어밴드,3.04 ,26,8,10,0,0,0.444 ,160,153,20,31,7,132,67,54,1.15 
290,6,2017,장원준,3.14 ,29,14,9,0,0,0.609 ,180 1/3,172,12,51,14,125,70,63,1.24 
291,1,2017,해커,3.42 ,26,12,7,0,0,0.632 ,160 1/3,159,14,29,14,97,64,61,1.17 
292,5,2017,차우찬,3.43 ,28,10,7,0,0,0.588 ,175 2/3,171,20,38,7,157,75,67,1.19 
293,4,2017,양현종,3.44 ,31,20,6,0,0,0.769 ,193 1/3,209,17,45,0,158,88,74,1.31 
294,4,2017,헥터,3.48 ,30,20,5,0,0,0.800 ,201 2/3,221,21,45,5,149,83,78,1.32 
295,13,2017,켈리,3.60 ,30,16,7,0,0,0.696 ,190,204,16,45,11,189,85,76,1.31 
296,2,2017,박세웅,3.68 ,28,12,6,0,0,0.667 ,171 1/3,170,21,56,9,117,74,70,1.32 
297,2,2017,레일리,3.80 ,30,13,7,0,0,0.650 ,187 1/3,199,19,44,17,156,87,79,1.30 
298,5,2017,소사,3.88 ,30,11,11,1,0,0.500 ,185 1/3,189,11,38,3,153,86,80,1.22 
299,6,2017,니퍼트,4.06 ,30,14,8,0,0,0.636 ,179 2/3,175,20,77,10,161,88,81,1.40 
300,13,2017,박종훈,4.10 ,29,12,7,0,1,0.632 ,151 1/3,145,16,61,25,107,74,69,1.36 
301,4,2017,팻딘,4.14 ,30,9,7,0,0,0.563 ,176,211,22,39,16,143,86,81,1.42 
302,3,2017,윤성환,4.28 ,28,12,9,0,0,0.571 ,174 1/3,181,22,37,15,130,86,83,1.25 
303,14,2017,브리검,4.38 ,24,10,6,0,0,0.625 ,144,166,17,26,13,98,77,70,1.33 
304,14,2017,최원태,4.46 ,25,11,7,0,0,0.611 ,149 1/3,161,19,34,12,126,76,74,1.31 
305,6,2017,유희관,4.53 ,30,11,6,0,1,0.647 ,188 2/3,228,20,41,10,106,104,95,1.43 
306,7,2017,로치,4.69 ,28,4,15,0,0,0.211 ,165,200,18,60,13,99,106,86,1.58 
307,13,2017,문승원,5.33 ,29,6,12,0,0,0.333 ,155 1/3,181,25,54,11,86,98,92,1.51 
308,6,2018,린드블럼,2.88 ,26,15,4,0,0,0.789 ,168 2/3,142,16,38,8,157,56,54,1.07 
309,5,2018,윌슨,3.07 ,26,9,4,0,0,0.692 ,170,158,11,35,6,149,63,58,1.14 
310,5,2018,소사,3.52 ,27,9,9,0,0,0.500 ,181 1/3,192,16,28,4,181,83,71,1.21 
311,6,2018,이용찬,3.63 ,25,15,3,0,0,0.833 ,144,151,14,36,8,102,62,58,1.30 
312,6,2018,후랭코프,3.74 ,28,18,3,0,0,0.857 ,149 1/3,118,12,55,22,134,64,62,1.16 
313,14,2018,브리검,3.84 ,31,11,7,0,1,0.611 ,199,188,19,50,19,175,89,85,1.20 
314,13,2018,켈리,4.09 ,28,12,7,0,0,0.632 ,158 1/3,152,18,47,13,161,78,72,1.26 
315,4,2018,양현종,4.15 ,29,13,11,0,0,0.542 ,184 1/3,199,21,43,2,152,88,85,1.31 
316,13,2018,박종훈,4.18 ,30,14,8,0,0,0.636 ,159 1/3,158,16,54,20,133,81,74,1.33 
317,7,2018,니퍼트,4.25 ,29,8,8,0,0,0.500 ,175 2/3,209,26,39,9,165,88,83,1.41 
318,7,2018,피어밴드,4.30 ,27,8,8,0,0,0.500 ,163 1/3,186,24,38,6,141,90,78,1.37 
319,13,2018,문승원,4.60 ,31,8,9,1,1,0.471 ,150 2/3,180,24,37,4,122,86,77,1.44 
320,4,2018,헥터,4.60 ,29,11,10,0,0,0.524 ,174,209,25,36,4,137,102,89,1.41 
321,9,2018,샘슨,4.68 ,30,13,8,0,0,0.619 ,161 2/3,144,17,79,5,195,91,84,1.38 
322,2,2018,레일리,4.74 ,30,11,13,0,0,0.458 ,178 1/3,180,24,54,18,178,106,94,1.31 
323,1,2018,이재학,4.79 ,29,5,13,0,0,0.278 ,152 1/3,157,13,49,10,116,87,81,1.35 
324,14,2018,한현희,4.79 ,30,11,7,0,0,0.611 ,169,208,22,49,20,105,98,90,1.52 
325,13,2018,산체스,4.89 ,29,8,8,0,1,0.500 ,145 1/3,161,26,39,7,124,90,79,1.38 
326,3,2018,아델만,5.05 ,31,8,12,0,0,0.400 ,171,202,20,54,11,137,101,96,1.50 
327,1,2018,베렛,5.28 ,29,6,10,0,0,0.375 ,155,178,24,59,9,144,94,91,1.53 
328,3,2018,보니야,5.30 ,29,7,10,0,0,0.412 ,168,193,23,63,12,151,111,99,1.52 
329,7,2018,금민철,5.41 ,29,8,12,0,0,0.400 ,156 1/3,212,19,68,7,79,104,94,1.79 
330,5,2018,임찬규,5.77 ,29,11,11,1,0,0.500 ,146 2/3,195,23,47,13,125,104,94,1.65 
331,5,2018,차우찬,6.09 ,29,12,10,0,0,0.545 ,170,177,27,79,10,136,119,115,1.51 
332,2,2018,김원중,6.94 ,30,8,7,0,0,0.533 ,145 1/3,173,28,77,11,137,115,112,1.72 
333,4,2019,양현종,2.29 ,29,16,8,0,0,0.667 ,184 2/3,165,6,33,2,163,56,47,1.07 
334,6,2019,린드블럼,2.50 ,30,20,3,0,0,0.870 ,194 2/3,165,13,29,6,189,57,54,1.00 
335,13,2019,김광현,2.51 ,31,17,6,0,0,0.739 ,190 1/3,198,13,38,2,180,64,53,1.24 
336,5,2019,켈리,2.55 ,29,14,12,0,0,0.538 ,180 1/3,164,7,41,16,126,70,51,1.14 
337,13,2019,산체스,2.62 ,28,17,5,0,0,0.773 ,165,151,2,42,2,148,51,48,1.17 
338,5,2019,윌슨,2.92 ,30,14,7,0,0,0.667 ,185,171,7,44,10,137,77,60,1.16 
339,10,2019,브리검,2.96 ,28,13,5,0,0,0.722 ,158 1/3,148,5,46,12,130,62,52,1.23 
340,1,2019,루친스키,3.05 ,30,9,9,0,0,0.500 ,177 1/3,164,13,45,11,119,68,60,1.18 
341,10,2019,요키시,3.13 ,30,13,9,0,0,0.591 ,181 1/3,166,9,39,11,141,72,63,1.13 
342,6,2019,유희관,3.25 ,28,11,8,0,0,0.579 ,166 1/3,171,8,42,3,64,67,60,1.28 
343,10,2019,최원태,3.38 ,27,11,5,0,0,0.688 ,157 1/3,165,5,36,5,105,68,59,1.28 
344,9,2019,채드벨,3.50 ,29,11,10,0,0,0.524 ,177 1/3,169,14,63,10,134,73,69,1.31 
345,9,2019,서폴드,3.51 ,31,12,11,0,0,0.522 ,192 1/3,191,8,54,8,135,84,75,1.27 
346,7,2019,쿠에바스,3.62 ,30,13,10,0,0,0.565 ,184,153,18,63,12,135,80,74,1.17 
347,6,2019,이영하,3.64 ,29,17,4,0,0,0.810 ,163 1/3,148,5,61,10,90,70,66,1.28 
348,13,2019,문승원,3.88 ,26,11,7,0,2,0.611 ,144,130,23,33,3,99,63,62,1.13 
349,13,2019,박종훈,3.88 ,28,8,11,0,0,0.421 ,144,157,12,59,13,100,72,62,1.50 
350,2,2019,레일리,3.88 ,30,5,14,0,0,0.263 ,181,191,10,65,8,140,88,78,1.41 
351,7,2019,알칸타라,4.01 ,27,11,11,0,0,0.500 ,172 2/3,189,15,27,8,100,80,77,1.25 
352,6,2019,이용찬,4.07 ,26,7,10,0,0,0.412 ,148 1/3,168,15,45,6,102,75,67,1.44 
353,5,2019,차우찬,4.12 ,29,13,8,0,0,0.619 ,168 1/3,181,16,59,5,124,87,77,1.43 
354,3,2019,백정현,4.24 ,28,8,10,0,0,0.444 ,157,158,17,56,6,82,85,74,1.36 
355,2,2019,다익손,4.34 ,29,6,10,0,0,0.375 ,149 1/3,164,15,40,6,117,81,72,1.37 
356,4,2019,윌랜드,4.75 ,28,8,10,0,0,0.444 ,165,191,17,59,5,137,95,87,1.52 
357,3,2019,윤성환,4.77 ,27,8,13,0,0,0.381 ,145 1/3,168,14,50,7,65,87,77,1.50 
358,7,2019,김민,4.96 ,27,6,12,0,0,0.333 ,150 2/3,175,16,65,4,91,88,83,1.59 
359,4,2019,터너,5.46 ,28,7,13,0,0,0.350 ,153 1/3,179,12,58,17,121,107,93,1.55 
360,10,2020,요키시,2.14 ,27,12,7,0,0,0.632 ,159 2/3,144,6,25,6,115,53,38,1.06 
361,2,2020,스트레일리,2.50 ,31,15,4,0,0,0.789 ,194 2/3,148,10,51,7,205,61,54,1.02 
362,4,2020,브룩스,2.50 ,23,11,4,0,0,0.733 ,151 1/3,131,4,24,3,130,43,42,1.02 
363,6,2020,알칸타라,2.54 ,31,20,2,0,0,0.909 ,198 2/3,174,12,30,9,182,58,56,1.03 
364,1,2020,루친스키,3.05 ,30,19,5,0,0,0.792 ,183,173,14,57,11,167,67,62,1.26 
365,5,2020,켈리,3.32 ,28,15,7,0,0,0.682 ,173 1/3,160,16,40,11,134,67,64,1.15 
366,3,2020,뷰캐넌,3.45 ,27,15,7,0,0,0.682 ,174 2/3,172,16,50,7,121,71,67,1.27 
367,3,2020,최채흥,3.58 ,26,11,6,0,0,0.647 ,146,131,12,51,7,123,67,58,1.25 
368,13,2020,문승원,3.65 ,25,6,8,0,0,0.429 ,145 2/3,136,13,45,6,117,64,59,1.24 
369,5,2020,임찬규,4.08 ,27,10,9,0,0,0.526 ,147 2/3,143,14,65,5,138,76,67,1.41 
370,7,2020,쿠에바스,4.10 ,27,10,8,0,0,0.556 ,158,152,16,46,9,110,80,72,1.25 
371,7,2020,데스파이네,4.33 ,35,15,8,0,0,0.652 ,207 2/3,233,18,68,8,152,105,100,1.45 
372,4,2020,가뇽,4.34 ,28,11,8,0,0,0.579 ,159 2/3,162,7,64,9,141,86,77,1.42 
373,5,2020,윌슨,4.42 ,25,10,8,0,0,0.556 ,144 2/3,161,13,39,8,109,81,71,1.38 
374,1,2020,라이트,4.68 ,29,11,9,0,0,0.550 ,157 2/3,164,12,63,10,125,87,82,1.44 
375,4,2020,양현종,4.70 ,31,11,10,0,0,0.524 ,172 1/3,180,13,64,5,149,99,90,1.42 
376,2,2020,박세웅,4.70 ,28,8,10,0,0,0.444 ,147 1/3,177,20,47,8,108,85,77,1.52 
377,13,2020,박종훈,4.81 ,29,13,11,0,0,0.542 ,157 1/3,146,14,78,22,134,90,84,1.42 
378,9,2020,서폴드,4.91 ,28,10,13,0,0,0.435 ,165,203,19,42,13,97,107,90,1.48 
379,13,2020,핀토,6.17 ,30,6,15,0,0,0.286 ,162,198,19,90,11,112,121,111,1.78 
380,6,2021,미란다,2.33 ,28,14,5,0,0,0.737 ,173 2/3,135,11,63,1,225,49,45,1.14 
381,3,2021,백정현,2.63 ,27,14,5,0,0,0.737 ,157 2/3,142,15,54,2,109,54,46,1.24 
382,7,2021,고영표,2.92 ,26,11,6,0,1,0.647 ,166 2/3,147,9,27,14,130,59,54,1.04 
383,10,2021,요키시,2.93 ,31,16,9,0,0,0.640 ,181 1/3,171,12,46,4,131,71,59,1.20 
384,3,2021,원태인,3.06 ,26,14,7,0,0,0.667 ,158 2/3,147,11,51,5,129,59,54,1.25 
385,3,2021,뷰캐넌,3.10 ,30,16,5,0,0,0.762 ,177,173,13,59,2,162,71,61,1.31 
386,5,2021,켈리,3.15 ,30,13,8,0,0,0.619 ,177,160,12,60,11,142,64,62,1.24 
387,1,2021,루친스키,3.17 ,30,15,10,0,0,0.600 ,178 2/3,160,12,55,10,177,76,63,1.20 
388,9,2021,킹험,3.19 ,25,10,8,0,0,0.556 ,144,117,11,41,5,131,58,51,1.10 
389,6,2021,최원준,3.30 ,29,12,4,0,0,0.750 ,158 1/3,160,15,37,10,113,65,58,1.24 
390,7,2021,데스파이네,3.39 ,33,13,10,0,0,0.565 ,188 2/3,175,10,78,7,165,81,71,1.34 
391,8,2021,폰트,3.46 ,25,8,5,0,0,0.615 ,145 2/3,114,12,45,6,157,66,56,1.09 
392,9,2021,카펜터,3.97 ,31,5,12,0,0,0.294 ,170,150,16,72,19,179,90,75,1.31 
393,2,2021,박세웅,3.98 ,28,10,9,0,0,0.526 ,163,141,20,53,10,125,75,72,1.19 
394,9,2021,김민우,4.00 ,29,14,10,0,0,0.583 ,155 1/3,131,15,76,7,125,71,69,1.33 
395,2,2021,스트레일리,4.07 ,31,10,12,0,0,0.455 ,165 2/3,162,12,67,7,164,85,75,1.38 
396,1,2021,신민혁,4.41 ,30,9,6,0,0,0.600 ,145,155,17,44,5,107,75,71,1.37 
397,4,2021,임기영,4.88 ,28,8,8,0,0,0.500 ,153,155,15,45,11,129,85,83,1.31 
398,2,2021,프랑코,5.40 ,37,9,8,0,1,0.529 ,150,147,20,75,20,124,97,90,1.48 
399,10,2022,안우진,2.11 ,30,15,8,0,0,0.652 ,196,131,4,55,4,224,51,46,0.95 
400,8,2022,김광현,2.13 ,28,13,3,0,0,0.813 ,173 1/3,141,10,45,5,153,48,41,1.07 
401,5,2022,플럿코,2.39 ,28,15,5,0,0,0.750 ,162,125,13,38,2,149,53,43,1.01 
402,3,2022,수아레즈,2.49 ,30,6,8,0,0,0.429 ,173 2/3,151,7,50,4,159,61,48,1.16 
403,5,2022,켈리,2.54 ,27,16,4,0,0,0.800 ,166 1/3,144,10,35,2,153,50,47,1.08 
404,10,2022,요키시,2.57 ,30,10,8,0,0,0.556 ,185 1/3,169,8,33,5,154,61,53,1.09 
405,8,2022,폰트,2.69 ,28,13,6,0,0,0.684 ,184,141,18,34,6,170,63,55,0.95 
406,1,2022,루친스키,2.97 ,31,10,12,0,0,0.455 ,193 2/3,184,14,34,8,194,77,64,1.13 
407,3,2022,뷰캐넌,3.04 ,26,11,8,0,0,0.579 ,160,176,10,39,8,117,61,54,1.34 
408,7,2022,소형준,3.05 ,27,13,6,0,0,0.684 ,171 1/3,158,8,39,5,117,68,58,1.15 
409,7,2022,고영표,3.26 ,28,13,8,0,0,0.619 ,182 1/3,191,7,23,16,156,69,66,1.17 
410,6,2022,스탁,3.60 ,29,9,10,0,0,0.474 ,165,162,9,83,10,138,87,66,1.48 
411,6,2022,최원준,3.60 ,30,8,13,0,0,0.381 ,165,183,21,37,7,113,80,66,1.33 
412,2,2022,반즈,3.62 ,31,12,12,0,0,0.500 ,186 1/3,176,8,47,18,160,87,75,1.20 
413,6,2022,곽빈,3.78 ,27,8,9,0,0,0.471 ,147 2/3,143,13,60,11,138,69,62,1.37 
414,4,2022,양현종,3.85 ,30,12,7,0,0,0.632 ,175 1/3,170,14,50,3,141,86,75,1.25 
415,4,2022,이의리,3.86 ,29,10,10,0,0,0.500 ,154,128,18,74,9,161,79,66,1.31 
416,2,2022,박세웅,3.89 ,28,10,11,0,0,0.476 ,157 1/3,179,8,32,8,146,80,68,1.34 
417,3,2022,원태인,3.92 ,27,10,8,0,0,0.556 ,165 1/3,175,16,38,4,130,75,72,1.29 
418,9,2022,김민우,4.36 ,29,6,11,0,0,0.353 ,163,143,16,84,8,129,82,79,1.39 
419,8,2022,오원석,4.50 ,31,6,8,0,0,0.429 ,144,158,16,58,3,112,79,72,1.50 
420,7,2022,데스파이네,4.53 ,30,8,12,0,0,0.400 ,163,198,14,48,9,123,94,82,1.51 
421,1,2023,페디,2.00 ,30,20,6,0,0,0.769 ,180 1/3,137,9,35,4,209,46,40,0.95 
422,10,2023,안우진,2.39 ,24,9,7,0,0,0.563 ,150 2/3,121,5,38,1,164,44,40,1.06 
423,3,2023,뷰캐넌,2.54 ,30,12,8,0,0,0.600 ,188,174,4,43,6,139,71,53,1.15 
424,10,2023,후라도,2.65 ,30,11,8,0,0,0.579 ,183 2/3,164,7,41,9,147,64,54,1.12 
425,6,2023,알칸타라,2.67 ,31,13,9,0,0,0.591 ,192,171,16,35,5,162,67,57,1.07 
426,7,2023,고영표,2.78 ,28,12,7,0,0,0.632 ,174 2/3,181,7,19,9,114,57,54,1.15 
427,3,2023,원태인,3.24 ,26,7,7,0,0,0.500 ,150,157,15,34,6,102,61,54,1.27 
428,2,2023,반즈,3.28 ,30,11,10,0,0,0.524 ,170 1/3,171,6,56,15,147,68,62,1.33 
429,5,2023,임찬규,3.42 ,30,14,3,0,1,0.824 ,144 2/3,142,10,54,5,103,63,55,1.35 
430,2,2023,박세웅,3.45 ,27,9,7,0,0,0.563 ,154,145,8,59,4,129,70,59,1.32 
431,8,2023,김광현,3.53 ,30,9,8,0,0,0.529 ,168 1/3,163,11,70,2,119,75,66,1.38 
432,7,2023,벤자민,3.54 ,29,15,6,0,0,0.714 ,160,149,12,45,3,157,79,63,1.21 
433,4,2023,양현종,3.58 ,29,9,11,0,0,0.450 ,171,181,13,48,1,133,78,68,1.34 
434,9,2023,페냐,3.60 ,32,11,11,0,0,0.500 ,177 1/3,149,14,59,18,147,82,71,1.17 
435,5,2023,켈리,3.83 ,30,10,7,0,0,0.588 ,178 2/3,183,10,39,6,129,87,76,1.24 
436,5,2023,최원태,4.30 ,26,9,7,0,0,0.563 ,146 2/3,149,12,46,7,118,73,70,1.33 
437,8,2023,오원석,5.23 ,28,8,10,0,0,0.444 ,144 2/3,158,11,69,9,88,92,84,1.57 
438,4,2024,네일,2.53 ,26,12,5,0,0,0.706 ,149 1/3,154,11,35,9,138,69,42,1.27 
439,1,2024,하트,2.69 ,26,13,3,0,0,0.813 ,157,124,11,38,11,182,51,47,1.03 
440,2,2024,반즈,3.35 ,25,9,6,0,0,0.600 ,150 2/3,140,18,46,5,171,59,56,1.23 
441,10,2024,후라도,3.36 ,30,10,8,0,0,0.556 ,190 1/3,185,19,32,9,169,78,71,1.14 
442,3,2024,코너,3.43 ,28,11,6,0,0,0.647 ,160,135,21,40,19,158,67,61,1.09 
443,3,2024,원태인,3.66 ,28,15,6,0,0,0.714 ,159 2/3,150,17,42,7,119,68,65,1.20 
444,10,2024,헤이수스,3.68 ,30,13,11,0,0,0.542 ,171 1/3,171,22,44,14,178,78,70,1.25 
445,5,2024,손주영,3.79 ,28,9,10,0,1,0.474 ,144 2/3,157,11,54,10,112,71,61,1.46 
446,3,2024,레예스,3.81 ,26,11,4,0,0,0.733 ,144,159,15,30,7,114,65,61,1.31 
447,2,2024,윌커슨,3.84 ,32,12,8,0,0,0.600 ,196 2/3,210,18,27,2,167,90,84,1.21 
448,9,2024,류현진,3.87 ,28,10,8,0,0,0.556 ,158 1/3,182,12,33,3,135,78,68,1.36 
449,4,2024,양현종,4.10 ,29,11,5,0,0,0.688 ,171 1/3,174,21,41,6,129,86,78,1.25 
450,7,2024,쿠에바스,4.10 ,31,7,12,0,0,0.368 ,173 1/3,158,17,59,7,154,86,79,1.25 
451,5,2024,엔스,4.19 ,30,13,6,0,0,0.684 ,167 2/3,169,16,50,6,157,84,78,1.31 
452,6,2024,곽빈,4.24 ,30,15,9,0,0,0.625 ,167 2/3,142,11,76,6,154,83,79,1.30 
453,10,2024,하영민,4.37 ,28,9,8,0,0,0.529 ,150 1/3,168,8,58,5,101,82,73,1.50 
454,7,2024,벤자민,4.63 ,28,11,8,0,0,0.579 ,149 2/3,141,28,48,4,156,90,77,1.26 
455,2,2024,박세웅,4.78 ,30,6,11,0,0,0.353 ,173 1/3,188,13,56,11,124,103,92,1.41 
456,7,2024,엄상백,4.88 ,29,13,10,0,0,0.565 ,156 2/3,164,26,42,7,159,88,85,1.31 
457,8,2024,김광현,4.93 ,31,12,10,0,0,0.545 ,162 1/3,162,24,73,6,154,95,89,1.45 
458,8,2025,앤더슨,2.09 ,14,5,3,0,0,0.625 ,82,60,4,22,4,119,23,19,1.00 
459,9,2025,폰세,2.16 ,15,9,0,0,0,1.000 ,96,61,6,22,3,129,24,23,0.86 
460,7,2025,헤이수스,2.43 ,13,5,4,0,0,0.556 ,74,63,7,23,1,82,28,20,1.16 
461,4,2025,네일,2.57 ,15,5,2,0,0,0.714 ,91,77,3,22,11,82,28,26,1.09 
462,5,2025,임찬규,2.61 ,14,8,2,0,0,0.800 ,86 1/3,77,3,25,3,59,26,25,1.18 
463,5,2025,송승기,2.65 ,13,7,4,0,0,0.636 ,74 2/3,56,5,26,1,69,23,22,1.10 
464,3,2025,원태인,2.68 ,12,5,2,0,0,0.714 ,74,68,6,8,2,52,23,22,1.03 
465,5,2025,치리노스,2.84 ,14,7,2,0,0,0.778 ,85 2/3,76,3,19,4,78,28,27,1.11 
466,7,2025,고영표,2.93 ,13,6,4,0,0,0.600 ,80,91,2,16,5,81,32,26,1.34 
467,7,2025,오원석,2.93 ,13,8,3,0,0,0.727 ,73 2/3,62,5,31,4,65,26,24,1.26 
468,6,2025,잭로그,2.98 ,14,4,6,0,0,0.400 ,84 2/3,63,2,20,9,78,31,28,0.98 
469,3,2025,후라도,2.99 ,15,6,6,0,0,0.500 ,96 1/3,93,10,22,2,75,34,32,1.19 
470,7,2025,소형준,3.01 ,12,5,2,0,0,0.714 ,71 2/3,65,3,17,2,74,26,24,1.14 
471,9,2025,와이스,3.09 ,14,8,2,0,0,0.800 ,87 1/3,67,9,22,4,100,31,30,1.02 
472,1,2025,라일리,3.13 ,14,8,4,0,0,0.667 ,83 1/3,59,8,32,2,107,34,29,1.09 
473,4,2025,김도현,3.15 ,13,2,3,0,0,0.400 ,74 1/3,79,5,19,5,49,33,26,1.32 
474,10,2025,로젠버그,3.23 ,13,4,4,0,0,0.500 ,75 1/3,63,5,25,4,80,33,27,1.17 
475,4,2025,올러,3.25 ,14,6,3,0,0,0.667 ,83,67,3,18,6,92,33,30,1.02 
476,9,2025,류현진,3.47 ,13,5,3,0,0,0.625 ,70,71,6,17,2,57,28,27,1.26 
477,2,2025,데이비슨,3.55 ,14,6,2,0,0,0.750 ,78 2/3,77,5,31,3,77,34,31,1.37 
478,1,2025,로건,3.56 ,15,3,7,0,0,0.300 ,83 1/3,82,4,36,6,64,40,33,1.42 
479,6,2025,최승용,3.84 ,13,4,4,0,0,0.500 ,70 1/3,68,6,23,4,48,31,30,1.29 
480,8,2025,김광현,3.84 ,14,4,7,0,0,0.364 ,77 1/3,77,7,25,3,75,38,33,1.32 
481,6,2025,콜어빈,4.05 ,13,5,6,0,0,0.455 ,73 1/3,55,2,35,12,60,37,33,1.23 
482,5,2025,손주영,4.30 ,13,6,5,0,0,0.545 ,69,70,5,24,3,66,36,33,1.36 
483,2,2025,박세웅,4.34 ,14,8,5,0,0,0.615 ,83,83,6,33,6,87,45,40,1.40 
484,6,2025,최원준,4.95 ,14,0,6,0,0,0.000 ,72 2/3,77,12,26,2,42,43,40,1.42 
485,10,2025,하영민,5.14 ,14,5,7,0,0,0.417 ,77,89,6,27,5,75,45,44,1.51 
486,4,2025,양현종,5.27 ,14,5,4,0,0,0.556 ,71 2/3,86,4,29,3,56,49,42,1.60 
487,7,2025,쿠에바스,5.64 ,15,3,7,0,0,0.300 ,81 1/3,89,13,37,4,54,57,51,1.55 
